"Address","Content Type","Status Code","Status","Indexability","Indexability Status","Title 1","Title 1 Length","Title 1 Pixel Width","Meta Description 1","Meta Description 1 Length","Meta Description 1 Pixel Width","Meta Keywords 1","Meta Keywords 1 Length","H1-1","H1-1 Length","H2-1","H2-1 Length","H2-2","H2-2 Length","Meta Robots 1","X-Robots-Tag 1","Meta Refresh 1","Canonical Link Element 1","rel=""next"" 1","rel=""prev"" 1","HTTP rel=""next"" 1","HTTP rel=""prev"" 1","amphtml Link Element","Size (Bytes)","Transferred (Bytes)","Total Transferred (Bytes)","CO2 (mg)","Carbon Rating","Word Count","Sentence Count","Average Words Per Sentence","Flesch Reading Ease Score","Readability","Text Ratio","Crawl Depth","Folder Depth","Link Score","Inlinks","Unique Inlinks","Unique JS Inlinks","% of Total","Outlinks","Unique Outlinks","Unique JS Outlinks","External Outlinks","Unique External Outlinks","Unique External JS Outlinks","Closest Near Duplicate Match","No. Near Duplicates","Spelling Errors","Grammar Errors","Hash","Response Time","Last Modified","Redirect URL","Redirect Type","Cookies","Language","HTTP Version","Mobile Alternate Link","Closest Semantically Similar Address","Semantic Similarity Score","No. Semantically Similar","Semantic Relevance Score","URL Encoded Address","Crawl Timestamp"
"https://thefalcontour.com/","text/html","200","OK","Indexable","","The Falcon Tour - Adventure Travel, Curated From the Himalayas","62","571","The Falcon Tour designs curated adventure and leisure travel packages across Dubai, Sri Lanka, Europe, Singapore, Azerbaijan and more, hand-planned from the basecamp.","166","1061","adventure travel agency, curated tour packages, holiday planner","63","Where the falcon flies, you follow.","35","Featured Expeditions","20","The Falcon Collection","21","index, follow, max-image-preview:large, max-snippet:-1","","","https://thefalcontour.com/","","","","","","211393","40873","40873","6.057","","4349","1052","4.134","73.551","Fairly Easy","13.170","0","0","","3","1","0","0.450","129","98","0","9","4","0","","","","","69316d1efd9da8b6250ad55425e55298","0.034","Thu, 30 Jul 2026 18:07:14 GMT","","","","en","1.1","","","","","","https://thefalcontour.com/","2026-07-31 12:05:21"
"https://thefalcontour.com/assets/images/activities/motocross-2500949-600x810.jpg","image/jpeg","200","OK","Indexable","","","0","0","","0","0","","0","","0","","0","","0","","","","","","","","","","101806","101806","101806","15.088","","0","","","","","0.000","1","3","","0","0","0","0.000","0","0","0","0","0","0","","","","","","0.115","Thu, 30 Jul 2026 18:04:17 GMT","","","","","1.1","","","","","","https://thefalcontour.com/assets/images/activities/motocross-2500949-600x810.jpg","2026-07-31 12:05:22"
"https://thefalcontour.com/assets/images/australia/sydney-guide.jpg","image/jpeg","200","OK","Indexable","","","0","0","","0","0","","0","","0","","0","","0","","","","","","","","","","42403","42403","42403","6.284","","0","","","","","0.000","1","3","","0","0","0","0.000","0","0","0","0","0","0","","","","","","0.172","Thu, 30 Jul 2026 18:04:13 GMT","","","","","1.1","","","","","","https://thefalcontour.com/assets/images/australia/sydney-guide.jpg","2026-07-31 12:05:22"
"https://thefalcontour.com/assets/images/new-zealand/1.jpg","image/jpeg","200","OK","Indexable","","","0","0","","0","0","","0","","0","","0","","0","","","","","","","","","","444200","444200","444200","65.830","","0","","","","","0.000","1","3","","0","0","0","0.000","0","0","0","0","0","0","","","","","","0.185","Thu, 30 Jul 2026 18:03:36 GMT","","","","","1.1","","","","","","https://thefalcontour.com/assets/images/new-zealand/1.jpg","2026-07-31 12:05:22"
"https://thefalcontour.com/assets/images/australia/australia-honeymoon-guide.jpg","image/jpeg","200","OK","Indexable","","","0","0","","0","0","","0","","0","","0","","0","","","","","","","","","","47302","47302","47302","7.010","","0","","","","","0.000","1","3","","0","0","0","0.000","0","0","0","0","0","0","","","","","","0.185","Thu, 30 Jul 2026 18:04:11 GMT","","","","","1.1","","","","","","https://thefalcontour.com/assets/images/australia/australia-honeymoon-guide.jpg","2026-07-31 12:05:22"
"https://thefalcontour.com/assets/images/kashmir/1.jpg","image/jpeg","200","OK","Indexable","","","0","0","","0","0","","0","","0","","0","","0","","","","","","","","","","4343515","4343515","4343515","643.709","","0","","","","","0.000","1","3","","0","0","0","0.000","0","0","0","0","0","0","","","","","","0.155","Thu, 30 Jul 2026 18:03:49 GMT","","","","","1.1","","","","","","https://thefalcontour.com/assets/images/kashmir/1.jpg","2026-07-31 12:05:22"
"https://thefalcontour.com/packages/package-east-coast-usa.html","text/html","200","OK","Indexable","","East Coast Highlights | New York to Niagara | The Falcon Tour","61","543","Hand-planned journey: New York · Times Square · Philadelphia · Washington D.C. · Hershey · Niagara Falls. Duration: 7 Days / 6 Nights.","134","831","travel package, itinerary, tour, flight, usa","44","East Coast Highlights | New York to Niagara","43","Day-by-Day Itinerary","20","Gallery of Highlights","21","index, follow","","","https://thefalcontour.com/packages/package-east-coast-usa.html","","","","","","35594","8385","8385","1.243","","1192","224","5.321","71.908","Fairly Easy","22.696","1","1","","9","9","0","4.050","33","19","0","6","4","0","","","","","cd21a67708f9096f2d01f3bc7a525703","0.167","Thu, 30 Jul 2026 18:06:10 GMT","","","","en","1.1","","","","","","https://thefalcontour.com/packages/package-east-coast-usa.html","2026-07-31 12:05:22"
"https://thefalcontour.com/assets/images/bhutan/2.jpg","image/jpeg","200","OK","Indexable","","","0","0","","0","0","","0","","0","","0","","0","","","","","","","","","","2490452","2490452","2490452","369.085","","0","","","","","0.000","1","3","","0","0","0","0.000","0","0","0","0","0","0","","","","","","0.058","Thu, 30 Jul 2026 18:04:06 GMT","","","","","1.1","","","","","","https://thefalcontour.com/assets/images/bhutan/2.jpg","2026-07-31 12:05:22"
"https://thefalcontour.com/assets/images/turkey/1.jpg","image/jpeg","200","OK","Indexable","","","0","0","","0","0","","0","","0","","0","","0","","","","","","","","","","502175","502175","502175","74.422","","0","","","","","0.000","1","3","","0","0","0","0.000","0","0","0","0","0","0","","","","","","0.324","Thu, 30 Jul 2026 18:03:20 GMT","","","","","1.1","","","","","","https://thefalcontour.com/assets/images/turkey/1.jpg","2026-07-31 12:05:22"
"https://thefalcontour.com/activities/activity-skyline-luge.html","text/html","200","OK","Indexable","","Skyline Luge — Book Adventure Activities | The Falcon Tour","58","523","Race down the track on Singapore's Skyline Luge, bookable as a fun standalone activity with The Falcon Tour on Sentosa Island.","126","793","skyline luge singapore, sentosa activity, family fun ride","57","Skyline Luge","12","Frequently Asked","16","Other activities worth adding.","30","index, follow, max-image-preview:large, max-snippet:-1","","","https://thefalcontour.com/activities/activity-skyline-luge.html","","","","","","13785","4309","4309","0.639","","198","40","4.950","70.638","Fairly Easy","13.979","1","1","","4","4","0","1.800","34","21","0","4","3","0","","","","","b6f88e06e065781953275a3ff5960551","0.321","Thu, 30 Jul 2026 18:02:45 GMT","","","","en","1.1","","","","","","https://thefalcontour.com/activities/activity-skyline-luge.html","2026-07-31 12:05:22"
"https://thefalcontour.com/packages/package-explore-america.html","text/html","200","OK","Indexable","","Explore America | From the Atlantic to the Pacific | The Falcon Tour","68","592","Hand-planned journey: New York · Philadelphia · Washington D.C. · Niagara · Las Vegas · Los Angeles · San Francisco · Orlando. Duration: 16 Days / 15 Nights.","157","975","travel package, itinerary, tour, flight, usa","44","Explore America | From the Atlantic to the Pacific","50","Day-by-Day Itinerary","20","Gallery of Highlights","21","index, follow","","","https://thefalcontour.com/packages/package-explore-america.html","","","","","","47497","9950","9950","1.475","","1728","322","5.366","71.648","Fairly Easy","23.986","1","1","","12","9","0","4.050","33","19","0","6","4","0","","","","","619d693f104aba8b23eaaa9dea98ebfe","0.304","Thu, 30 Jul 2026 18:06:10 GMT","","","","en","1.1","","","","","","https://thefalcontour.com/packages/package-explore-america.html","2026-07-31 12:05:22"
"https://thefalcontour.com/destinations/destination-turkey.html","text/html","200","OK","Indexable","","Turkey Tour Package — 10 Days | The Falcon Tour","47","441","Book The Falcon Tour's 10-day Turkey package featuring Cappadocia balloon rides, Istanbul streets and the Turquoise Coast.","122","779","turkey tour package, 10 day turkey holiday, cappadocia itinerary","64","Balloons at dawn, history at every turn.","40","Overview","8","Day-by-Day Itinerary","20","index, follow, max-image-preview:large, max-snippet:-1","","","https://thefalcontour.com/destinations/destination-turkey.html","","","","","","15740","4957","4957","0.735","","356","71","5.014","76.984","Fairly Easy","18.074","1","1","","167","167","0","75.230","34","21","0","6","4","0","","","","","9049c82f15664c7ada61c03e07ac4719","0.032","Thu, 30 Jul 2026 18:05:06 GMT","","","","en","1.1","","","","","","https://thefalcontour.com/destinations/destination-turkey.html","2026-07-31 12:05:22"
"https://thefalcontour.com/assets/images/kerala/1.jpg","image/jpeg","200","OK","Indexable","","","0","0","","0","0","","0","","0","","0","","0","","","","","","","","","","1936807","1936807","1936807","287.035","","0","","","","","0.000","1","3","","0","0","0","0.000","0","0","0","0","0","0","","","","","","0.054","Thu, 30 Jul 2026 18:03:42 GMT","","","","","1.1","","","","","","https://thefalcontour.com/assets/images/kerala/1.jpg","2026-07-31 12:05:22"
"https://thefalcontour.com/packages/package-scenic-new-zealand.html","text/html","200","OK","Indexable","","Scenic New Zealand | Where Nature Comes Alive | The Falcon Tour","63","591","Hand-planned journey: Auckland · Hobbiton · Rotorua · Queenstown · Milford Sound. Duration: 7 Days / 6 Nights.","110","694","travel package, itinerary, tour, flight, oceania","48","Scenic New Zealand | Where Nature Comes Alive","45","Day-by-Day Itinerary","20","Gallery of Highlights","21","index, follow","","","https://thefalcontour.com/packages/package-scenic-new-zealand.html","","","","","","27116","6631","6631","0.983","","545","108","5.046","73.028","Fairly Easy","15.474","1","1","","9","9","0","4.050","33","19","0","6","4","0","","","","","de3a3726ece3c741ec3f38c24795500d","0.215","Thu, 30 Jul 2026 18:06:11 GMT","","","","en","1.1","","","","","","https://thefalcontour.com/packages/package-scenic-new-zealand.html","2026-07-31 12:05:22"
"https://thefalcontour.com/assets/images/activities/desert-7386004-600x810.jpg","image/jpeg","200","OK","Indexable","","","0","0","","0","0","","0","","0","","0","","0","","","","","","","","","","54482","54482","54482","8.074","","0","","","","","0.000","1","3","","0","0","0","0.000","0","0","0","0","0","0","","","","","","0.037","Thu, 30 Jul 2026 18:04:17 GMT","","","","","1.1","","","","","","https://thefalcontour.com/assets/images/activities/desert-7386004-600x810.jpg","2026-07-31 12:05:22"
"https://thefalcontour.com/assets/images/vietnam/1.jpg","image/jpeg","200","OK","Indexable","","","0","0","","0","0","","0","","0","","0","","0","","","","","","","","","","1743914","1743914","1743914","258.448","","0","","","","","0.000","1","3","","0","0","0","0.000","0","0","0","0","0","0","","","","","","0.031","Thu, 30 Jul 2026 18:03:18 GMT","","","","","1.1","","","","","","https://thefalcontour.com/assets/images/vietnam/1.jpg","2026-07-31 12:05:22"
"https://thefalcontour.com/assets/images/almaty/2.jpg","image/jpeg","200","OK","Indexable","","","0","0","","0","0","","0","","0","","0","","0","","","","","","","","","","1295178","1295178","1295178","191.945","","0","","","","","0.000","1","3","","0","0","0","0.000","0","0","0","0","0","0","","","","","","0.110","Thu, 30 Jul 2026 18:04:16 GMT","","","","","1.1","","","","","","https://thefalcontour.com/assets/images/almaty/2.jpg","2026-07-31 12:05:22"
"https://thefalcontour.com/assets/images/usa/grand-canyon-guide.jpg","image/jpeg","200","OK","Indexable","","","0","0","","0","0","","0","","0","","0","","0","","","","","","","","","","38170","38170","38170","5.657","","0","","","","","0.000","1","3","","0","0","0","0.000","0","0","0","0","0","0","","","","","","0.096","Thu, 30 Jul 2026 18:03:16 GMT","","","","","1.1","","","","","","https://thefalcontour.com/assets/images/usa/grand-canyon-guide.jpg","2026-07-31 12:05:22"
"https://thefalcontour.com/assets/images/singapore/2.jpg","image/jpeg","200","OK","Indexable","","","0","0","","0","0","","0","","0","","0","","0","","","","","","","","","","858314","858314","858314","127.202","","0","","","","","0.000","1","3","","0","0","0","0.000","0","0","0","0","0","0","","","","","","0.102","Thu, 30 Jul 2026 18:03:35 GMT","","","","","1.1","","","","","","https://thefalcontour.com/assets/images/singapore/2.jpg","2026-07-31 12:05:22"
"https://thefalcontour.com/packages/package-kerala-complete-experience.html","text/html","200","OK","Indexable","","Complete Kerala Experience | Munnar, Thekkady, Alleppey & Kovalam | The Falcon Tour","83","769","Complete Kerala Experience: Munnar, Thekkady, deluxe houseboat stay & Kovalam Beach. Duration: 6 Nights / 7 Days, starting ₹37,999 per person.","142","907","travel package, itinerary, tour, flight, kerala","47","Complete Kerala Experience | Munnar, Thekkady, Alleppey & Kovalam","65","Day-by-Day Itinerary","20","Gallery of Highlights","21","index, follow","","","https://thefalcontour.com/packages/package-kerala-complete-experience.html","","","","","","16958","4288","4288","0.635","","320","78","4.103","67.575","Normal","14.869","1","1","","9","9","0","4.050","18","5","0","5","4","0","","","","","c06368987075d8122373d648ab25ca9d","0.108","Thu, 30 Jul 2026 18:06:11 GMT","","","","en","1.1","","","","","","https://thefalcontour.com/packages/package-kerala-complete-experience.html","2026-07-31 12:05:22"
"https://thefalcontour.com/assets/images/dubai/1.jpg","image/jpeg","200","OK","Indexable","","","0","0","","0","0","","0","","0","","0","","0","","","","","","","","","","447010","447010","447010","66.247","","0","","","","","0.000","1","3","","0","0","0","0.000","0","0","0","0","0","0","","","","","","0.038","Thu, 30 Jul 2026 18:03:53 GMT","","","","","1.1","","","","","","https://thefalcontour.com/assets/images/dubai/1.jpg","2026-07-31 12:05:23"
"https://thefalcontour.com/blogs/blog-dubai.html","text/html","404","Not Found","Non-Indexable","Client Error","","0","0","","0","0","","0","","0","","0","","0","","","","","","","","","","1903","1903","1903","0.282","","0","","","","","0.000","1","1","","3","3","0","1.350","0","0","0","0","0","0","","","","","","0.122","Tue, 13 Jan 2026 11:43:06 GMT","","","","","1.1","","","","","","https://thefalcontour.com/blogs/blog-dubai.html","2026-07-31 12:05:23"
"https://thefalcontour.com/assets/images/activities/jet-ski-2785163-600x810.jpg","image/jpeg","200","OK","Indexable","","","0","0","","0","0","","0","","0","","0","","0","","","","","","","","","","154821","154821","154821","22.944","","0","","","","","0.000","1","3","","0","0","0","0.000","0","0","0","0","0","0","","","","","","0.132","Thu, 30 Jul 2026 18:04:17 GMT","","","","","1.1","","","","","","https://thefalcontour.com/assets/images/activities/jet-ski-2785163-600x810.jpg","2026-07-31 12:05:23"
"https://thefalcontour.com/assets/images/almaty/4.jpg","image/jpeg","200","OK","Indexable","","","0","0","","0","0","","0","","0","","0","","0","","","","","","","","","","2581032","2581032","2581032","382.509","","0","","","","","0.000","1","3","","0","0","0","0.000","0","0","0","0","0","0","","","","","","0.138","Thu, 30 Jul 2026 18:04:18 GMT","","","","","1.1","","","","","","https://thefalcontour.com/assets/images/almaty/4.jpg","2026-07-31 12:05:23"
"https://thefalcontour.com/packages/package-best-of-sri-lanka.html","text/html","200","OK","Indexable","","Best of Sri Lanka (6D/5N) | The Falcon Tour","43","383","A comprehensive 6-day Sri Lanka tour through Kandy, the tea hills of Nuwara Eliya, and the beaches of Bentota.","110","686","Best of Sri Lanka package, Kandy Nuwara Eliya Bentota tour, Sri Lanka tea country holiday","89","Best of Sri Lanka: Hills, Tea & Coast","37","Day-by-Day Itinerary","20","Gallery of Highlights","21","index, follow","","","https://thefalcontour.com/packages/package-best-of-sri-lanka.html","","","","","","26075","6945","6945","1.029","","572","113","5.062","67.846","Normal","16.479","1","1","","12","9","0","4.050","33","19","0","6","4","0","","","","","d6ec345dba88b0fdeb91347d45a97fb","0.155","Thu, 30 Jul 2026 18:06:09 GMT","","","","en","1.1","","","","","","https://thefalcontour.com/packages/package-best-of-sri-lanka.html","2026-07-31 12:05:23"
"https://thefalcontour.com/activities/activity-scuba-diving.html","text/html","200","OK","Indexable","","Scuba Diving — Book Adventure Activities | The Falcon Tour","58","528","Discover vibrant reefs with a guided Scuba Diving activity from The Falcon Tour, suitable for beginners and certified divers alike.","131","789","scuba diving activity, reef diving tour, dive experience booking","64","Scuba Diving","12","Frequently Asked","16","Other activities worth adding.","30","index, follow, max-image-preview:large, max-snippet:-1","","","https://thefalcontour.com/activities/activity-scuba-diving.html","","","","","","13867","4331","4331","0.642","","202","43","4.698","62.603","Normal","14.482","1","1","","13","13","0","5.860","34","21","0","4","3","0","","","","","fff68b1d5f7c1690804beeaf062ae24d","0.121","Thu, 30 Jul 2026 18:02:45 GMT","","","","en","1.1","","","","","","https://thefalcontour.com/activities/activity-scuba-diving.html","2026-07-31 12:05:23"
"https://thefalcontour.com/packages/package-essence-of-australia.html","text/html","200","OK","Indexable","","The Essence of Australia | Cities, Coastlines & Coral Reefs | The Falcon Tour","77","667","Hand-planned journey: Melbourne · Great Ocean Road · Cairns · Great Barrier Reef · Gold Coast · Sydney. Duration: 13 Days / 12 Nights.","134","828","travel package, itinerary, tour, flight, oceania","48","The Essence of Australia | Cities, Coastlines & Coral Reefs","59","Day-by-Day Itinerary","20","Gallery of Highlights","21","index, follow","","","https://thefalcontour.com/packages/package-essence-of-australia.html","","","","","","41440","8408","8408","1.246","","1214","225","5.396","83.030","Easy","19.321","1","1","","12","9","0","4.050","33","19","0","6","4","0","","","","","640d0ebe107498392378f916fa866f2a","0.037","Thu, 30 Jul 2026 18:06:10 GMT","","","","en","1.1","","","","","","https://thefalcontour.com/packages/package-essence-of-australia.html","2026-07-31 12:05:23"
"https://thefalcontour.com/assets/images/australia/melbourne-guide.jpg","image/jpeg","200","OK","Indexable","","","0","0","","0","0","","0","","0","","0","","0","","","","","","","","","","38898","38898","38898","5.765","","0","","","","","0.000","1","3","","0","0","0","0.000","0","0","0","0","0","0","","","","","","0.120","Thu, 30 Jul 2026 18:04:13 GMT","","","","","1.1","","","","","","https://thefalcontour.com/assets/images/australia/melbourne-guide.jpg","2026-07-31 12:05:23"
"https://thefalcontour.com/assets/js/motion/footer.js","application/x-javascript","200","OK","Indexable","","","0","0","","0","0","","0","","0","","0","","0","","","","","","","","","","489","489","489","0.072","","0","","","","","0.000","1","3","","0","0","0","0.000","0","0","0","0","0","0","","","","","","0.027","Thu, 30 Jul 2026 18:03:04 GMT","","","","","1.1","","","","","","https://thefalcontour.com/assets/js/motion/footer.js","2026-07-31 12:05:23"
"https://thefalcontour.com/assets/images/new-zealand/road-trip-guide.jpg","image/jpeg","200","OK","Indexable","","","0","0","","0","0","","0","","0","","0","","0","","","","","","","","","","512051","512051","512051","75.886","","0","","","","","0.000","1","3","","0","0","0","0.000","0","0","0","0","0","0","","","","","","0.031","Thu, 30 Jul 2026 18:03:38 GMT","","","","","1.1","","","","","","https://thefalcontour.com/assets/images/new-zealand/road-trip-guide.jpg","2026-07-31 12:05:23"
"https://thefalcontour.com/packages/package-vietnam-ultimate.html","text/html","200","OK","Indexable","","The Ultimate Vietnam | Culture, Coastlines & City Life | The Falcon Tour","72","624","The Ultimate Vietnam grand tour: Hanoi, Halong Bay, Da Nang, Hoi An & Ho Chi Minh City. Duration: 8 Nights / 9 Days, starting ₹89,999 per person.","145","905","travel package, itinerary, tour, flight, vietnam","48","The Ultimate Vietnam | Culture, Coastlines & City Life","54","Day-by-Day Itinerary","20","Gallery of Highlights","21","index, follow","","","https://thefalcontour.com/packages/package-vietnam-ultimate.html","","","","","","18544","4402","4402","0.652","","388","89","4.360","85.540","Easy","14.492","1","1","","9","9","0","4.050","18","5","0","5","4","0","","","","","c12c27b31c4342d9cf88e79e34afb054","0.111","Thu, 30 Jul 2026 18:06:12 GMT","","","","en","1.1","","","","","","https://thefalcontour.com/packages/package-vietnam-ultimate.html","2026-07-31 12:05:23"
"https://thefalcontour.com/assets/images/kerala/3.jpg","image/jpeg","200","OK","Indexable","","","0","0","","0","0","","0","","0","","0","","0","","","","","","","","","","1025421","1025421","1025421","151.967","","0","","","","","0.000","1","3","","0","0","0","0.000","0","0","0","0","0","0","","","","","","0.125","Thu, 30 Jul 2026 18:03:44 GMT","","","","","1.1","","","","","","https://thefalcontour.com/assets/images/kerala/3.jpg","2026-07-31 12:05:23"
"https://thefalcontour.com/packages/package-kashmir-delight.html","text/html","200","OK","Indexable","","Kashmir Delight | Srinagar Escape | The Falcon Tour","51","457","Kashmir Delight package: Dal Lake Shikara Ride, Mughal Gardens & houseboat stay. Duration: 3 Nights / 4 Days, starting ₹14,999 per person.","138","869","travel package, itinerary, tour, flight, kashmir","48","Kashmir Delight | Srinagar Escape","33","Day-by-Day Itinerary","20","Gallery of Highlights","21","index, follow","","","https://thefalcontour.com/packages/package-kashmir-delight.html","","","","","","16525","4238","4238","0.628","","302","76","3.974","70.579","Fairly Easy","14.484","1","1","","12","9","0","4.050","18","5","0","5","4","0","","","","","fa0278069293ea254bddb11ef2645cff","0.130","Thu, 30 Jul 2026 18:06:11 GMT","","","","en","1.1","","","","","","https://thefalcontour.com/packages/package-kashmir-delight.html","2026-07-31 12:05:23"
"https://thefalcontour.com/packages/package-japan.html","text/html","200","OK","Indexable","","Japan for First Timers Itinerary (9D/8N) | The Falcon Tour","58","506","Discover the wonders of Japan. Experience Tokyo neon, Hakone hot springs, Mt. Fuji, historic Kyoto temples, and street food in Osaka.","133","832","Japan tour package, Tokyo Kyoto Osaka itinerary, Mt. Fuji excursion, first time Japan travel","92","Neon Lights & Sacred Shrines: Japan","35","Day-by-Day Itinerary","20","Gallery of Highlights","21","index, follow","","","https://thefalcontour.com/packages/package-japan.html","","","","","","30491","8103","8103","1.201","","859","160","5.369","61.732","Normal","20.583","1","1","","9","9","0","4.050","33","19","0","6","4","0","","","","","dd2bee8807d9fdf47d1a520bbbf23314","0.119","Thu, 30 Jul 2026 18:06:11 GMT","","","","en","1.1","","","","","","https://thefalcontour.com/packages/package-japan.html","2026-07-31 12:05:23"
"https://thefalcontour.com/packages/package-thailand-phuket-krabi.html","text/html","200","OK","Indexable","","Explore Southern Thailand | Phuket & Krabi | The Falcon Tour","60","537","Explore Southern Thailand: Phuket & Krabi, Phi Phi Island Tour, Four Islands Tour, Ao Nang Beach. Duration: 5 Nights / 6 Days, starting ₹24,999 per person.","155","959","travel package, itinerary, tour, flight, thailand","49","Explore Southern Thailand | Phuket & Krabi","42","Day-by-Day Itinerary","20","Gallery of Highlights","21","index, follow","","","https://thefalcontour.com/packages/package-thailand-phuket-krabi.html","","","","","","17132","4295","4295","0.637","","335","78","4.295","79.490","Fairly Easy","14.484","1","1","","9","9","0","4.050","18","5","0","5","4","0","","","","","8e3d4968c8a0941748c6be3e95802870","0.037","Thu, 30 Jul 2026 18:06:12 GMT","","","","en","1.1","","","","","","https://thefalcontour.com/packages/package-thailand-phuket-krabi.html","2026-07-31 12:05:23"
"https://thefalcontour.com/destinations/destination-new-zealand.html","text/html","200","OK","Indexable","","New Zealand Tour Package — 12 Days | The Falcon Tour","52","497","Book The Falcon Tour's 12-day New Zealand package across both islands, from fjords to adventure towns, hand-planned end to end.","127","821","new zealand tour package, 12 day new zealand holiday, north south island itinerary","82","Two islands, one unforgettable loop.","36","Overview","8","Day-by-Day Itinerary","20","index, follow, max-image-preview:large, max-snippet:-1","","","https://thefalcontour.com/destinations/destination-new-zealand.html","","","","","","15678","4861","4861","0.720","","305","67","4.552","81.278","Easy","16.587","1","1","","167","167","0","75.230","34","21","0","6","4","0","","","","","392f103ece55bf0f655b133ce7b9839c","0.040","Thu, 30 Jul 2026 18:05:06 GMT","","","","en","1.1","","","","","","https://thefalcontour.com/destinations/destination-new-zealand.html","2026-07-31 12:05:23"
"https://thefalcontour.com/assets/images/new-zealand/auckland-guide.jpg","image/jpeg","200","OK","Indexable","","","0","0","","0","0","","0","","0","","0","","0","","","","","","","","","","56952","56952","56952","8.440","","0","","","","","0.000","1","3","","0","0","0","0.000","0","0","0","0","0","0","","","","","","0.034","Thu, 30 Jul 2026 18:03:37 GMT","","","","","1.1","","","","","","https://thefalcontour.com/assets/images/new-zealand/auckland-guide.jpg","2026-07-31 12:05:23"
"https://thefalcontour.com/destinations/destination-sri-lanka.html","text/html","200","OK","Indexable","","Sri Lanka Tour Package — 7 Days | The Falcon Tour","49","451","Book The Falcon Tour's 7-day Sri Lanka package from tea-country hills to the turquoise southern coast, fully curated.","117","722","sri lanka tour package, 7 day sri lanka holiday, tea hills coast itinerary","74","Tea hills to turquoise coast.","29","Overview","8","Day-by-Day Itinerary","20","index, follow, max-image-preview:large, max-snippet:-1","","","https://thefalcontour.com/destinations/destination-sri-lanka.html","","","","","","15701","4884","4884","0.724","","323","68","4.750","81.531","Easy","16.740","1","1","","167","166","0","74.770","35","21","0","6","4","0","","","","","aab527c64207ae572bd4ce53545ba61","0.044","Thu, 30 Jul 2026 18:05:06 GMT","","","","en","1.1","","","","","","https://thefalcontour.com/destinations/destination-sri-lanka.html","2026-07-31 12:05:23"
"https://thefalcontour.com/assets/images/sri-lanka/3.jpg","image/jpeg","200","OK","Indexable","","","0","0","","0","0","","0","","0","","0","","0","","","","","","","","","","827092","827092","827092","122.575","","0","","","","","0.000","1","3","","0","0","0","0.000","0","0","0","0","0","0","","","","","","0.046","Thu, 30 Jul 2026 18:03:30 GMT","","","","","1.1","","","","","","https://thefalcontour.com/assets/images/sri-lanka/3.jpg","2026-07-31 12:05:23"
"https://thefalcontour.com/assets/js/motion/buttons.js","application/x-javascript","200","OK","Indexable","","","0","0","","0","0","","0","","0","","0","","0","","","","","","","","","","908","908","908","0.135","","0","","","","","0.000","1","3","","0","0","0","0.000","0","0","0","0","0","0","","","","","","0.033","Thu, 30 Jul 2026 18:03:03 GMT","","","","","1.1","","","","","","https://thefalcontour.com/assets/js/motion/buttons.js","2026-07-31 12:05:23"
"https://thefalcontour.com/blogs/blog-singapore.html","text/html","404","Not Found","Non-Indexable","Client Error","","0","0","","0","0","","0","","0","","0","","0","","","","","","","","","","1903","1903","1903","0.282","","0","","","","","0.000","1","1","","3","3","0","1.350","0","0","0","0","0","0","","","","","","0.150","Tue, 13 Jan 2026 11:43:06 GMT","","","","","1.1","","","","","","https://thefalcontour.com/blogs/blog-singapore.html","2026-07-31 12:05:23"
"https://thefalcontour.com/activities/activity-jet-ski-ride.html","text/html","200","OK","Indexable","","Jet Ski Ride — Book Adventure Activities | The Falcon Tour","58","515","Book a Jet Ski Ride with The Falcon Tour for high-speed coastal thrills, a popular water activity across our beach and island destinations.","139","846","jet ski ride, water sports activity, coastal adventure","54","Jet Ski Ride","12","Frequently Asked","16","Other activities worth adding.","30","index, follow, max-image-preview:large, max-snippet:-1","","","https://thefalcontour.com/activities/activity-jet-ski-ride.html","","","","","","13934","4396","4396","0.651","","212","40","5.300","72.959","Fairly Easy","14.413","1","1","","13","13","0","5.860","34","21","0","4","3","0","","","","","7d361d8d414300f80acab655c5b1ef25","0.144","Thu, 30 Jul 2026 18:02:45 GMT","","","","en","1.1","","","","","","https://thefalcontour.com/activities/activity-jet-ski-ride.html","2026-07-31 12:05:23"
"https://thefalcontour.com/packages/package-thailand-ultimate.html","text/html","200","OK","Indexable","","Thailand Unveiled | Islands, Beaches & City Wonders | The Falcon Tour","69","619","Thailand Unveiled grand tour: Phuket, Krabi & Bangkok, James Bond Island, Four Islands, Safari World. Duration: 7 Nights / 8 Days, starting ₹34,999 per person.","159","983","travel package, itinerary, tour, flight, thailand","49","Thailand Unveiled | Islands, Beaches & City Wonders","51","Day-by-Day Itinerary","20","Gallery of Highlights","21","index, follow","","","https://thefalcontour.com/packages/package-thailand-ultimate.html","","","","","","18320","4392","4392","0.651","","366","86","4.256","82.319","Easy","14.451","1","1","","9","9","0","4.050","18","5","0","5","4","0","","","","","aec89c8eeadc5c7073c281c8a1e4aed2","0.147","Thu, 30 Jul 2026 18:06:12 GMT","","","","en","1.1","","","","","","https://thefalcontour.com/packages/package-thailand-ultimate.html","2026-07-31 12:05:23"
"https://thefalcontour.com/terms-and-conditions.pdf","text/html","404","Not Found","Non-Indexable","Client Error","","0","0","","0","0","","0","","0","","0","","0","","","","","","","","","","1903","1903","1903","0.282","","0","","","","","0.000","1","0","","3","3","0","1.350","0","0","0","0","0","0","","","","","","0.030","Tue, 13 Jan 2026 11:43:06 GMT","","","","","1.1","","","","","","https://thefalcontour.com/terms-and-conditions.pdf","2026-07-31 12:05:23"
"https://thefalcontour.com/assets/images/europe/2.jpg","image/jpeg","200","OK","Indexable","","","0","0","","0","0","","0","","0","","0","","0","","","","","","","","","","311019","311019","311019","46.093","","0","","","","","0.000","1","3","","0","0","0","0.000","0","0","0","0","0","0","","","","","","0.043","Thu, 30 Jul 2026 18:03:51 GMT","","","","","1.1","","","","","","https://thefalcontour.com/assets/images/europe/2.jpg","2026-07-31 12:05:23"
"https://thefalcontour.com/packages/package-bhutan-serenity.html","text/html","200","OK","Indexable","","Bhutan Serenity | Gateway to the Himalayas | The Falcon Tour","60","543","Bhutan Serenity package: Thimphu, Buddha Dordenma Statue & Tashichho Dzong. Duration: 3 Nights / 4 Days, starting ₹21,999 per person.","133","863","travel package, itinerary, tour, flight, bhutan","47","Bhutan Serenity | Gateway to the Himalayas","42","Day-by-Day Itinerary","20","Gallery of Highlights","21","index, follow","","","https://thefalcontour.com/packages/package-bhutan-serenity.html","","","","","","16457","4251","4251","0.630","","302","74","4.081","66.548","Normal","14.763","1","1","","12","9","0","4.050","18","5","0","5","4","0","","","","","92c3cd66f8d4567ce376b2262f07e8a8","0.130","Thu, 30 Jul 2026 18:06:09 GMT","","","","en","1.1","","","","","","https://thefalcontour.com/packages/package-bhutan-serenity.html","2026-07-31 12:05:23"
"https://thefalcontour.com/activities/activity-snorkeling.html","text/html","200","OK","Indexable","","Snorkeling — Book Adventure Activities | The Falcon Tour","56","506","Explore colourful coral waters on a guided Snorkeling activity with The Falcon Tour, ideal for families and first-time explorers.","129","771","snorkeling tour, coral reef activity, beach adventure","53","Snorkeling","10","Frequently Asked","16","Other activities worth adding.","30","index, follow, max-image-preview:large, max-snippet:-1","","","https://thefalcontour.com/activities/activity-snorkeling.html","","","","","","13695","4279","4279","0.634","","194","41","4.732","74.696","Fairly Easy","13.837","1","1","","4","4","0","1.800","34","21","0","4","3","0","","","","","fcda32d3fccfd6e08eca80ce42e48a78","0.078","Thu, 30 Jul 2026 18:02:45 GMT","","","","en","1.1","","","","","","https://thefalcontour.com/activities/activity-snorkeling.html","2026-07-31 12:05:23"
"https://thefalcontour.com/blogs/index.html?region=europe","text/html","200","OK","Non-Indexable","Canonicalised","Travel Blog | Europe, Japan, Australia, USA | The Falcon Tour","61","533","100+ in-depth travel guides — from visa tips and itineraries to city guides for Amsterdam, Paris, Rome, Barcelona, Prague and more.","131","809","Europe travel blog, Europe travel guides, Europe itinerary, Europe visa, European cities","88","Notes from the road, not the brochure.","38","🇯🇵 Japan 20 guides","20","🇦🇺 Australia 20 guides","24","index, follow, max-image-preview:large, max-snippet:-1","","","https://thefalcontour.com/blogs/","","","","","","108425","17748","17748","2.630","","3491","592","5.897","71.975","Fairly Easy","20.616","1","1","","181","181","0","81.530","137","127","0","7","3","0","","","","","d0d0d7ed243ff84cf8adee19f3338a3f","0.134","Thu, 30 Jul 2026 18:04:33 GMT","","","","en","1.1","","","","","","https://thefalcontour.com/blogs/index.html?region=europe","2026-07-31 12:05:23"
"https://thefalcontour.com/assets/images/vietnam/3.jpg","image/jpeg","200","OK","Indexable","","","0","0","","0","0","","0","","0","","0","","0","","","","","","","","","","1604199","1604199","1604199","237.742","","0","","","","","0.000","1","3","","0","0","0","0.000","0","0","0","0","0","0","","","","","","0.036","Thu, 30 Jul 2026 18:03:18 GMT","","","","","1.1","","","","","","https://thefalcontour.com/assets/images/vietnam/3.jpg","2026-07-31 12:05:24"
"https://thefalcontour.com/assets/images/thailand/1.jpg","image/jpeg","200","OK","Indexable","","","0","0","","0","0","","0","","0","","0","","0","","","","","","","","","","1738143","1738143","1738143","257.593","","0","","","","","0.000","1","3","","0","0","0","0.000","0","0","0","0","0","0","","","","","","0.164","Thu, 30 Jul 2026 18:03:26 GMT","","","","","1.1","","","","","","https://thefalcontour.com/assets/images/thailand/1.jpg","2026-07-31 12:05:23"
"https://thefalcontour.com/blogs/index.html?region=newzealand","text/html","200","OK","Non-Indexable","Canonicalised","Travel Blog | Europe, Japan, Australia, USA | The Falcon Tour","61","533","100+ in-depth travel guides — from visa tips and itineraries to city guides for Amsterdam, Paris, Rome, Barcelona, Prague and more.","131","809","Europe travel blog, Europe travel guides, Europe itinerary, Europe visa, European cities","88","Notes from the road, not the brochure.","38","🇯🇵 Japan 20 guides","20","🇦🇺 Australia 20 guides","24","index, follow, max-image-preview:large, max-snippet:-1","","","https://thefalcontour.com/blogs/","","","","","","108425","17748","17748","2.630","","3491","592","5.897","71.975","Fairly Easy","20.616","1","1","","181","181","0","81.530","137","127","0","7","3","0","","","","","d0d0d7ed243ff84cf8adee19f3338a3f","0.092","Thu, 30 Jul 2026 18:04:33 GMT","","","","en","1.1","","","","","","https://thefalcontour.com/blogs/index.html?region=newzealand","2026-07-31 12:05:24"
"https://thefalcontour.com/packages/package-best-of-almaty.html","text/html","200","OK","Indexable","","Best of Almaty | The Falcon Tour","32","288","Best of Almaty package: Charyn Canyon, Kolsai Lake & Kaindy Lake. Duration: 5 Nights / 6 Days, starting ₹44,999 per person.","123","771","travel package, itinerary, tour, flight, almaty","47","Best of Almaty","14","Day-by-Day Itinerary","20","Gallery of Highlights","21","index, follow","","","https://thefalcontour.com/packages/package-best-of-almaty.html","","","","","","16541","4189","4189","0.621","","292","79","3.696","72.417","Fairly Easy","13.859","1","1","","9","9","0","4.050","18","5","0","5","4","0","","","","","89e12ab9276bf7623441af7cd91ec93b","0.192","Thu, 30 Jul 2026 18:06:09 GMT","","","","en","1.1","","","","","","https://thefalcontour.com/packages/package-best-of-almaty.html","2026-07-31 12:05:24"
"https://thefalcontour.com/packages/package-ladakh-classic.html","text/html","200","OK","Indexable","","Classic Ladakh Adventure | The Falcon Tour","42","389","Classic Ladakh Adventure: Khardung La Pass, Nubra Valley & Hunder Sand Dunes. Duration: 4 Nights / 5 Days, starting ₹28,999 per person.","135","860","travel package, itinerary, tour, flight, ladakh","47","Classic Ladakh Adventure","24","Day-by-Day Itinerary","20","Gallery of Highlights","21","index, follow","","","https://thefalcontour.com/packages/package-ladakh-classic.html","","","","","","16386","4211","4211","0.624","","299","76","3.934","72.688","Fairly Easy","14.320","1","1","","9","9","0","4.050","18","5","0","5","4","0","","","","","db3bd956581854c515cd3f9805c33821","0.197","Thu, 30 Jul 2026 18:06:11 GMT","","","","en","1.1","","","","","","https://thefalcontour.com/packages/package-ladakh-classic.html","2026-07-31 12:05:24"
"https://thefalcontour.com/packages/package-classic-thailand.html","text/html","200","OK","Indexable","","Classic Thailand | Pattaya, Bangkok & Island Adventures | The Falcon Tour","73","653","Classic Thailand package: Pattaya & Bangkok, Coral Island, Chao Phraya Dinner Cruise, Safari World. Duration: 5 Nights / 6 Days, starting ₹29,999 per person.","157","971","travel package, itinerary, tour, flight, thailand","49","Classic Thailand | Pattaya, Bangkok & Island Adventures","55","Day-by-Day Itinerary","20","Gallery of Highlights","21","index, follow","","","https://thefalcontour.com/packages/package-classic-thailand.html","","","","","","17471","4331","4331","0.642","","340","79","4.304","77.557","Fairly Easy","14.518","1","1","","9","9","0","4.050","18","5","0","5","4","0","","","","","f67688fb35baa78b5cab691538f2c3bb","0.187","Thu, 30 Jul 2026 18:06:10 GMT","","","","en","1.1","","","","","","https://thefalcontour.com/packages/package-classic-thailand.html","2026-07-31 12:05:24"
"https://thefalcontour.com/destinations/destination-singapore.html","text/html","200","OK","Indexable","","Singapore Tour Package — 5 Days | The Falcon Tour","49","460","Book The Falcon Tour's 5-day Singapore package covering Sentosa, Gardens by the Bay and the city's best food streets.","117","741","singapore tour package, 5 day singapore holiday, sentosa itinerary","66","One city, every kind of trip.","29","Overview","8","Day-by-Day Itinerary","20","index, follow, max-image-preview:large, max-snippet:-1","","","https://thefalcontour.com/destinations/destination-singapore.html","","","","","","15415","4784","4784","0.709","","300","64","4.688","76.305","Fairly Easy","16.546","1","1","","172","169","0","76.130","34","21","0","6","4","0","","","","","69b2c14594e70e64b14cae964f4c38cf","0.026","Thu, 30 Jul 2026 18:05:06 GMT","","","","en","1.1","","","","","","https://thefalcontour.com/destinations/destination-singapore.html","2026-07-31 12:05:24"
"https://thefalcontour.com/assets/images/ladakh/4.jpg","image/jpeg","200","OK","Indexable","","","0","0","","0","0","","0","","0","","0","","0","","","","","","","","","","2830839","2830839","2830839","419.530","","0","","","","","0.000","1","3","","0","0","0","0.000","0","0","0","0","0","0","","","","","","0.026","Thu, 30 Jul 2026 18:03:43 GMT","","","","","1.1","","","","","","https://thefalcontour.com/assets/images/ladakh/4.jpg","2026-07-31 12:05:24"
"https://thefalcontour.com/packages/package-bhutan-complete-experience.html","text/html","200","OK","Indexable","","Complete Bhutan Experience | The Falcon Tour","44","416","Complete Bhutan Experience: Punakha Dzong, Suspension Bridge & Tiger's Nest Trek. Duration: 6 Nights / 7 Days, starting ₹45,999 per person.","139","884","travel package, itinerary, tour, flight, bhutan","47","Complete Bhutan Experience","26","Day-by-Day Itinerary","20","Gallery of Highlights","21","index, follow","","","https://thefalcontour.com/packages/package-bhutan-complete-experience.html","","","","","","17037","4287","4287","0.635","","315","80","3.938","72.044","Fairly Easy","14.583","1","1","","9","9","0","4.050","18","5","0","5","4","0","","","","","a2afe1b832455cc816f642ea189dd089","0.057","Thu, 30 Jul 2026 18:06:09 GMT","","","","en","1.1","","","","","","https://thefalcontour.com/packages/package-bhutan-complete-experience.html","2026-07-31 12:05:24"
"https://thefalcontour.com/assets/images/vietnam/4.jpg","image/jpeg","200","OK","Indexable","","","0","0","","0","0","","0","","0","","0","","0","","","","","","","","","","1653189","1653189","1653189","245.003","","0","","","","","0.000","1","3","","0","0","0","0.000","0","0","0","0","0","0","","","","","","0.052","Thu, 30 Jul 2026 18:03:18 GMT","","","","","1.1","","","","","","https://thefalcontour.com/assets/images/vietnam/4.jpg","2026-07-31 12:05:24"
"https://thefalcontour.com/assets/images/sri-lanka/1.jpg","image/jpeg","200","OK","Indexable","","","0","0","","0","0","","0","","0","","0","","0","","","","","","","","","","416150","416150","416150","61.673","","0","","","","","0.000","1","3","","0","0","0","0.000","0","0","0","0","0","0","","","","","","0.047","Thu, 30 Jul 2026 18:03:28 GMT","","","","","1.1","","","","","","https://thefalcontour.com/assets/images/sri-lanka/1.jpg","2026-07-31 12:05:24"
"https://thefalcontour.com/assets/images/bali/1.jpg","image/jpeg","200","OK","Indexable","","","0","0","","0","0","","0","","0","","0","","0","","","","","","","","","","1148304","1148304","1148304","170.179","","0","","","","","0.000","1","3","","0","0","0","0.000","0","0","0","0","0","0","","","","","","0.136","Thu, 30 Jul 2026 18:04:08 GMT","","","","","1.1","","","","","","https://thefalcontour.com/assets/images/bali/1.jpg","2026-07-31 12:05:24"
"https://thefalcontour.com/packages/index.html?category=wildlife","text/html","200","OK","Non-Indexable","Canonicalised","Premium Tour Packages | The Falcon Tour","39","377","Explore our hand-planned premium travel packages across Europe, Japan, New Zealand, Australia, and the USA. Eleven curated itineraries by The Falcon Tour.","154","977","tour packages, premium travel, europe tour, japan cherry blossom, new zealand adventure, swiss paris holiday","108","Thirty-two premium journeys, meticulously planned.","50","🇪🇺 Europe & Switzerland","25","❄️ Scandinavia & Iceland","24","index, follow, max-image-preview:large, max-snippet:-1","","","https://thefalcontour.com/packages/","","","","","","103084","14616","14616","2.166","","2575","654","3.937","84.629","Easy","15.267","1","1","","3","3","0","1.350","84","74","0","1","1","0","","","","","b4530940a6cabce240ec0e6db41c05e7","0.029","Thu, 30 Jul 2026 18:06:09 GMT","","","","en","1.1","","","","","","https://thefalcontour.com/packages/index.html?category=wildlife","2026-07-31 12:05:24"
"https://thefalcontour.com/assets/js/flight-map.js","application/x-javascript","200","OK","Indexable","","","0","0","","0","0","","0","","0","","0","","0","","","","","","","","","","2455","2455","2455","0.364","","0","","","","","0.000","1","2","","0","0","0","0.000","0","0","0","0","0","0","","","","","","0.132","Thu, 30 Jul 2026 18:03:03 GMT","","","","","1.1","","","","","","https://thefalcontour.com/assets/js/flight-map.js","2026-07-31 12:05:24"
"https://thefalcontour.com/packages/package-classic-australia.html","text/html","200","OK","Indexable","","Classic Australia | Sydney & Melbourne | The Falcon Tour","56","501","Hand-planned journey: Melbourne · Great Ocean Road · Phillip Island · Sydney · Blue Mountains. Duration: 7 Days / 6 Nights.","123","761","travel package, itinerary, tour, flight, oceania","48","Classic Australia | Sydney & Melbourne","38","Day-by-Day Itinerary","20","Gallery of Highlights","21","index, follow","","","https://thefalcontour.com/packages/package-classic-australia.html","","","","","","34690","8302","8302","1.230","","1134","199","5.698","74.673","Fairly Easy","22.430","1","1","","9","9","0","4.050","33","19","0","6","4","0","","","","","d7f68123019a17af87929e20d06a2c0c","0.127","Thu, 30 Jul 2026 18:06:10 GMT","","","","en","1.1","","","","","","https://thefalcontour.com/packages/package-classic-australia.html","2026-07-31 12:05:24"
"https://thefalcontour.com/packages/package-singapore-malaysia.html","text/html","200","OK","Indexable","","Discover Singapore & Malaysia | The Perfect Twin-Country Escape | The Falcon Tour","81","741","Hand-planned journey: Singapore · Sentosa Island · Kuala Lumpur · Putrajaya · Genting Highlands. Duration: 7 Days / 6 Nights.","125","776","travel package, itinerary, tour, flight, southeast-asia","55","Discover Singapore & Malaysia | The Perfect Twin-Country Escape","63","Day-by-Day Itinerary","20","Gallery of Highlights","21","index, follow","","","https://thefalcontour.com/packages/package-singapore-malaysia.html","","","","","","32266","8064","8064","1.195","","1160","175","6.629","61.684","Normal","25.174","1","1","","9","9","0","4.050","33","19","0","6","4","0","","","","","7eca5bb529a84cdb6e75617f1635c791","0.032","Thu, 30 Jul 2026 18:06:12 GMT","","","","en","1.1","","","","","","https://thefalcontour.com/packages/package-singapore-malaysia.html","2026-07-31 12:05:24"
"https://thefalcontour.com/assets/images/thailand/3.jpg","image/jpeg","200","OK","Indexable","","","0","0","","0","0","","0","","0","","0","","0","","","","","","","","","","3882174","3882174","3882174","575.338","","0","","","","","0.000","1","3","","0","0","0","0.000","0","0","0","0","0","0","","","","","","0.030","Thu, 30 Jul 2026 18:03:31 GMT","","","","","1.1","","","","","","https://thefalcontour.com/assets/images/thailand/3.jpg","2026-07-31 12:05:24"
"https://thefalcontour.com/packages/package-vietnam-best.html","text/html","200","OK","Indexable","","Vietnam Unveiled | From Heritage Streets to Coastal Wonders | The Falcon Tour","77","701","Vietnam Unveiled: Hanoi, Halong Bay, Hoi An Ancient Town, Ba Na Hills & Coconut Village. Duration: 6 Nights / 7 Days, starting ₹57,999 per person.","146","909","travel package, itinerary, tour, flight, vietnam","48","Vietnam Unveiled | From Heritage Streets to Coastal Wonders","59","Day-by-Day Itinerary","20","Gallery of Highlights","21","index, follow","","","https://thefalcontour.com/packages/package-vietnam-best.html","","","","","","17653","4353","4353","0.645","","356","82","4.341","84.083","Easy","14.436","1","1","","9","9","0","4.050","18","5","0","5","4","0","","","","","2597eea873571416d6433abd0eff82cb","0.034","Thu, 30 Jul 2026 18:06:12 GMT","","","","en","1.1","","","","","","https://thefalcontour.com/packages/package-vietnam-best.html","2026-07-31 12:05:24"
"https://thefalcontour.com/packages/package-almaty-complete-experience.html","text/html","200","OK","Indexable","","Complete Almaty Experience | The Falcon Tour","44","414","Complete Almaty Experience: Charyn Canyon, Kolsai & Black Canyon, Saty Village. Duration: 6 Nights / 7 Days, starting ₹56,999 per person.","137","857","travel package, itinerary, tour, flight, almaty","47","Complete Almaty Experience","26","Day-by-Day Itinerary","20","Gallery of Highlights","21","index, follow","","","https://thefalcontour.com/packages/package-almaty-complete-experience.html","","","","","","17231","4260","4260","0.631","","302","83","3.639","69.799","Normal","13.925","1","1","","9","9","0","4.050","18","5","0","5","4","0","","","","","97e5c0b35c0ab2d0cfec21d2d98642fa","0.040","Thu, 30 Jul 2026 18:06:09 GMT","","","","en","1.1","","","","","","https://thefalcontour.com/packages/package-almaty-complete-experience.html","2026-07-31 12:05:24"
"https://thefalcontour.com/assets/images/japan/cherry-blossom-guide.jpg","image/jpeg","200","OK","Indexable","","","0","0","","0","0","","0","","0","","0","","0","","","","","","","","","","55024","55024","55024","8.155","","0","","","","","0.000","1","3","","0","0","0","0.000","0","0","0","0","0","0","","","","","","0.111","Thu, 30 Jul 2026 18:03:47 GMT","","","","","1.1","","","","","","https://thefalcontour.com/assets/images/japan/cherry-blossom-guide.jpg","2026-07-31 12:05:24"
"https://thefalcontour.com/packages/package-swiss-paris.html","text/html","200","OK","Indexable","","Swiss Paris at a Glance 2026 (7D/6N) | The Falcon Tour","54","489","Experience the highlights of Switzerland and Paris in 7 days. Climb Mt. Titlis, explore romantic Paris, and visit Disneyland Paris.","131","783","Switzerland Paris tour, Mt. Titlis cable car, Disneyland Paris package, Europe honeymoon package","96","Alpine Peaks & City Lights: Swiss Paris","39","Day-by-Day Itinerary","20","Gallery of Highlights","21","index, follow","","","https://thefalcontour.com/packages/package-swiss-paris.html","","","","","","28291","7577","7577","1.123","","693","134","5.172","70.230","Fairly Easy","18.519","1","1","","9","9","0","4.050","33","19","0","6","4","0","","","","","96baad15b42a5c5212d004930e0d2fc4","0.031","Thu, 30 Jul 2026 18:06:12 GMT","","","","en","1.1","","","","","","https://thefalcontour.com/packages/package-swiss-paris.html","2026-07-31 12:05:24"
"https://thefalcontour.com/packages/package-classic-vietnam.html","text/html","200","OK","Indexable","","Classic Vietnam | Heritage, Beaches & Bay Cruises | The Falcon Tour","67","602","Classic Vietnam package: Hanoi, Halong Bay Cruise & Da Nang with Ba Na Hills Golden Bridge. Duration: 5 Nights / 6 Days, starting ₹62,999 per person.","149","935","travel package, itinerary, tour, flight, vietnam","48","Classic Vietnam | Heritage, Beaches & Bay Cruises","49","Day-by-Day Itinerary","20","Gallery of Highlights","21","index, follow","","","https://thefalcontour.com/packages/package-classic-vietnam.html","","","","","","17064","4297","4297","0.637","","341","78","4.372","80.832","Easy","14.589","1","1","","9","9","0","4.050","18","5","0","5","4","0","","","","","5f10a49242e3348387d0d784f7f50824","0.108","Thu, 30 Jul 2026 18:06:10 GMT","","","","en","1.1","","","","","","https://thefalcontour.com/packages/package-classic-vietnam.html","2026-07-31 12:05:24"
"https://thefalcontour.com/blogs/blog-sri-lanka.html","text/html","404","Not Found","Non-Indexable","Client Error","","0","0","","0","0","","0","","0","","0","","0","","","","","","","","","","1903","1903","1903","0.282","","0","","","","","0.000","1","1","","3","3","0","1.350","0","0","0","0","0","0","","","","","","0.108","Tue, 13 Jan 2026 11:43:06 GMT","","","","","1.1","","","","","","https://thefalcontour.com/blogs/blog-sri-lanka.html","2026-07-31 12:05:24"
"https://thefalcontour.com/packages/package-new-zealand-shared-journey.html","text/html","200","OK","Indexable","","Discover New Zealand | Scenic Shared Journey | The Falcon Tour","62","575","Hand-planned journey: Auckland · Waitomo · Rotorua · Napier · Wellington · Blenheim · Christchurch · Greymouth · Franz Josef · Queenstown · Mt Cook. Duration: 14 Days / 13 Nights.","179","1121","travel package, itinerary, tour, flight, oceania","48","Discover New Zealand | Scenic Shared Journey","44","Day-by-Day Itinerary","20","Gallery of Highlights","21","index, follow","","","https://thefalcontour.com/packages/package-new-zealand-shared-journey.html","","","","","","45047","10187","10187","1.510","","1698","289","5.875","71.729","Fairly Easy","25.004","1","1","","9","9","0","4.050","33","19","0","6","4","0","","","","","a93480b73e228a483268cda936b82750","0.028","Thu, 30 Jul 2026 18:06:11 GMT","","","","en","1.1","","","","","","https://thefalcontour.com/packages/package-new-zealand-shared-journey.html","2026-07-31 12:05:24"
"https://thefalcontour.com/packages/package-vietnam-essentials.html","text/html","200","OK","Indexable","","Discover Vietnam | Hanoi & Halong Bay Escape | The Falcon Tour","62","573","Discover Vietnam package: Hanoi city tour & overnight Halong Bay Cruise with kayaking. Duration: 4 Nights / 5 Days, starting ₹32,999 per person.","144","898","travel package, itinerary, tour, flight, vietnam","48","Discover Vietnam | Hanoi & Halong Bay Escape","44","Day-by-Day Itinerary","20","Gallery of Highlights","21","index, follow","","","https://thefalcontour.com/packages/package-vietnam-essentials.html","","","","","","16752","4312","4312","0.639","","343","76","4.513","76.711","Fairly Easy","15.094","1","1","","9","9","0","4.050","18","5","0","5","4","0","","","","","27febb3e9b84f5c38c0795371dfba933","0.038","Thu, 30 Jul 2026 18:06:12 GMT","","","","en","1.1","","","","","","https://thefalcontour.com/packages/package-vietnam-essentials.html","2026-07-31 12:05:24"
"https://thefalcontour.com/assets/images/kashmir/4.jpg","image/jpeg","200","OK","Indexable","","","0","0","","0","0","","0","","0","","0","","0","","","","","","","","","","3225602","3225602","3225602","478.034","","0","","","","","0.000","1","3","","0","0","0","0.000","0","0","0","0","0","0","","","","","","0.106","Thu, 30 Jul 2026 18:03:49 GMT","","","","","1.1","","","","","","https://thefalcontour.com/assets/images/kashmir/4.jpg","2026-07-31 12:05:24"
"https://thefalcontour.com/assets/images/ladakh/2.jpg","image/jpeg","200","OK","Indexable","","","0","0","","0","0","","0","","0","","0","","0","","","","","","","","","","4099760","4099760","4099760","607.584","","0","","","","","0.000","1","3","","0","0","0","0.000","0","0","0","0","0","0","","","","","","0.028","Thu, 30 Jul 2026 18:03:44 GMT","","","","","1.1","","","","","","https://thefalcontour.com/assets/images/ladakh/2.jpg","2026-07-31 12:05:24"
"https://thefalcontour.com/packages/package-bali-ultimate.html","text/html","200","OK","Indexable","","The Ultimate Bali | Luxury, Culture & Island Bliss | The Falcon Tour","68","577","The Ultimate Bali luxury package: Seminyak, Ubud & Nusa Penida with 5-star stays. Duration: 7 Nights / 8 Days, starting ₹82,999 per person.","139","864","travel package, itinerary, tour, flight, bali","45","The Ultimate Bali | Luxury, Culture & Island Bliss","50","Day-by-Day Itinerary","20","Gallery of Highlights","21","index, follow","","","https://thefalcontour.com/packages/package-bali-ultimate.html","","","","","","18075","4426","4426","0.656","","374","85","4.400","76.374","Fairly Easy","14.979","1","1","","12","9","0","4.050","18","5","0","5","4","0","","","","","64979efa88959eb6d6c73d8984b0cd59","0.100","Thu, 30 Jul 2026 18:06:09 GMT","","","","en","1.1","","","","","","https://thefalcontour.com/packages/package-bali-ultimate.html","2026-07-31 12:05:24"
"https://thefalcontour.com/packages/package-classic-almaty.html","text/html","200","OK","Indexable","","Classic Almaty | The Falcon Tour","32","289","Classic Almaty package: Medeu Ice Rink, Shymbulak Ski Resort & Chocolate Factory. Duration: 4 Nights / 5 Days, starting ₹34,999 per person.","139","875","travel package, itinerary, tour, flight, almaty","47","Classic Almaty","14","Day-by-Day Itinerary","20","Gallery of Highlights","21","index, follow","","","https://thefalcontour.com/packages/package-classic-almaty.html","","","","","","16259","4208","4208","0.624","","290","76","3.816","69.061","Normal","14.241","1","1","","9","9","0","4.050","18","5","0","5","4","0","","","","","c322b6462d4b6b3aa791b970d58b5f88","0.037","Thu, 30 Jul 2026 18:06:09 GMT","","","","en","1.1","","","","","","https://thefalcontour.com/packages/package-classic-almaty.html","2026-07-31 12:05:25"
"https://thefalcontour.com/packages/package-complete-sri-lanka-experience.html","text/html","200","OK","Indexable","","Complete Sri Lanka Experience (7D/6N) | The Falcon Tour","55","509","The complete 7-day Sri Lanka experience: Kandy's temples, Nuwara Eliya's tea estates, Bentota's beaches, and a final Colombo city tour with shopping.","149","931","Complete Sri Lanka package, Kandy Nuwara Eliya Bentota Colombo tour, full Sri Lanka holiday","91","Complete Sri Lanka Experience","29","Day-by-Day Itinerary","20","Gallery of Highlights","21","index, follow","","","https://thefalcontour.com/packages/package-complete-sri-lanka-experience.html","","","","","","26773","7049","7049","1.045","","599","118","5.076","67.650","Normal","16.588","1","1","","9","9","0","4.050","33","19","0","6","4","0","","","","","fc15c47f20c7d6e775e9d818ca0db614","0.037","Thu, 30 Jul 2026 18:06:10 GMT","","","","en","1.1","","","","","","https://thefalcontour.com/packages/package-complete-sri-lanka-experience.html","2026-07-31 12:05:25"
"https://thefalcontour.com/assets/images/bali/3.jpg","image/jpeg","200","OK","Indexable","","","0","0","","0","0","","0","","0","","0","","0","","","","","","","","","","2323158","2323158","2323158","344.292","","0","","","","","0.000","1","3","","0","0","0","0.000","0","0","0","0","0","0","","","","","","0.093","Thu, 30 Jul 2026 18:04:10 GMT","","","","","1.1","","","","","","https://thefalcontour.com/assets/images/bali/3.jpg","2026-07-31 12:05:25"
"https://thefalcontour.com/assets/images/switzerland/swiss-alps-guide.jpg","image/jpeg","200","OK","Indexable","","","0","0","","0","0","","0","","0","","0","","0","","","","","","","","","","1039642","1039642","1039642","154.075","","0","","","","","0.000","1","3","","0","0","0","0.000","0","0","0","0","0","0","","","","","","0.060","Thu, 30 Jul 2026 18:03:28 GMT","","","","","1.1","","","","","","https://thefalcontour.com/assets/images/switzerland/swiss-alps-guide.jpg","2026-07-31 12:05:25"
"https://thefalcontour.com/packages/package-new-zealand.html","text/html","200","OK","Indexable","","New Zealand Discovery (8D/7N) | The Falcon Tour","47","442","Embark on an 8-day journey through New Zealand. Tour Hobbiton, experience geothermal Rotorua, explore Milford Sound, and enjoy Queenstown.","138","901","New Zealand tour, Hobbiton Movie Set, Milford Sound cruise, Queenstown adventure, North to South island","103","Middle-earth & Southern Alps: New Zealand","41","Day-by-Day Itinerary","20","Gallery of Highlights","21","index, follow","","","https://thefalcontour.com/packages/package-new-zealand.html","","","","","","29411","7764","7764","1.151","","762","141","5.404","68.454","Normal","19.332","1","1","","12","9","0","4.050","33","19","0","6","4","0","","","","","b4d17aa8c10da61229e281c119d4650a","0.125","Thu, 30 Jul 2026 18:06:11 GMT","","","","en","1.1","","","","","","https://thefalcontour.com/packages/package-new-zealand.html","2026-07-31 12:05:25"
"https://thefalcontour.com/assets/images/kashmir/2.jpg","image/jpeg","200","OK","Indexable","","","0","0","","0","0","","0","","0","","0","","0","","","","","","","","","","1176103","1176103","1176103","174.298","","0","","","","","0.000","1","3","","0","0","0","0.000","0","0","0","0","0","0","","","","","","0.028","Thu, 30 Jul 2026 18:03:46 GMT","","","","","1.1","","","","","","https://thefalcontour.com/assets/images/kashmir/2.jpg","2026-07-31 12:05:25"
"https://thefalcontour.com/packages/index.html?category=culture","text/html","200","OK","Non-Indexable","Canonicalised","Premium Tour Packages | The Falcon Tour","39","377","Explore our hand-planned premium travel packages across Europe, Japan, New Zealand, Australia, and the USA. Eleven curated itineraries by The Falcon Tour.","154","977","tour packages, premium travel, europe tour, japan cherry blossom, new zealand adventure, swiss paris holiday","108","Thirty-two premium journeys, meticulously planned.","50","🇪🇺 Europe & Switzerland","25","❄️ Scandinavia & Iceland","24","index, follow, max-image-preview:large, max-snippet:-1","","","https://thefalcontour.com/packages/","","","","","","103084","14616","14616","2.166","","2575","654","3.937","84.629","Easy","15.267","1","1","","3","3","0","1.350","84","74","0","1","1","0","","","","","b4530940a6cabce240ec0e6db41c05e7","0.033","Thu, 30 Jul 2026 18:06:09 GMT","","","","en","1.1","","","","","","https://thefalcontour.com/packages/index.html?category=culture","2026-07-31 12:05:25"
"https://thefalcontour.com/packages/package-kerala-gods-own-country.html","text/html","200","OK","Indexable","","God's Own Country | Munnar, Thekkady & Alleppey | The Falcon Tour","65","603","God's Own Country package: Munnar, Periyar Wildlife Sanctuary & Alleppey backwaters. Duration: 4 Nights / 5 Days, starting ₹24,999 per person.","142","893","travel package, itinerary, tour, flight, kerala","47","God's Own Country | Munnar, Thekkady & Alleppey","47","Day-by-Day Itinerary","20","Gallery of Highlights","21","index, follow","","","https://thefalcontour.com/packages/package-kerala-gods-own-country.html","","","","","","16360","4235","4235","0.628","","302","73","4.137","70.133","Fairly Easy","14.654","1","1","","9","9","0","4.050","18","5","0","5","4","0","","","","","eaab662da63f967b09d09b716847327b","0.101","Thu, 30 Jul 2026 18:06:11 GMT","","","","en","1.1","","","","","","https://thefalcontour.com/packages/package-kerala-gods-own-country.html","2026-07-31 12:05:25"
"https://thefalcontour.com/assets/css/motion.css","text/css","200","OK","Indexable","","","0","0","","0","0","","0","","0","","0","","0","","","","","","","","","","1810","1810","1810","0.268","","0","","","","","0.000","1","2","","0","0","0","0.000","0","0","0","0","0","0","","","","","","0.102","Thu, 30 Jul 2026 18:04:18 GMT","","","","","1.1","","","","","","https://thefalcontour.com/assets/css/motion.css","2026-07-31 12:05:25"
"https://thefalcontour.com/packages/package-uk-scotland.html","text/html","200","OK","Indexable","","Wonders of UK & Scotland Itinerary (8D/7N) | The Falcon Tour","60","544","Explore the historic wonders of the UK and Scotland in 8 days. Discover London, Oxford, Manchester, Glasgow, Edinburgh, and the Highlands.","138","873","UK Scotland tour package, London Edinburgh itinerary, Loch Ness tour, Oxford heritage holiday","93","Castles, Colleges & Highlands: UK & Scotland","44","Day-by-Day Itinerary","20","Gallery of Highlights","21","index, follow","","","https://thefalcontour.com/packages/package-uk-scotland.html","","","","","","29341","7715","7715","1.143","","757","143","5.294","65.230","Normal","19.339","1","1","","9","9","0","4.050","33","19","0","6","4","0","","","","","9d7bce121c67deafa6d881c01235ff1","0.098","Thu, 30 Jul 2026 18:06:12 GMT","","","","en","1.1","","","","","","https://thefalcontour.com/packages/package-uk-scotland.html","2026-07-31 12:05:25"
"https://thefalcontour.com/assets/js/motion/gsap-init.js","application/x-javascript","200","OK","Indexable","","","0","0","","0","0","","0","","0","","0","","0","","","","","","","","","","1858","1858","1858","0.275","","0","","","","","0.000","1","3","","0","0","0","0.000","0","0","0","0","0","0","","","","","","0.028","Thu, 30 Jul 2026 18:03:04 GMT","","","","","1.1","","","","","","https://thefalcontour.com/assets/js/motion/gsap-init.js","2026-07-31 12:05:25"
"https://thefalcontour.com/packages/package-essence-of-europe.html","text/html","200","OK","Indexable","","Essence of Europe Itinerary (8D/7N) | The Falcon Tour","53","476","Embark on an unforgettable 8-day trip through Italy and Switzerland. Explore Rome, Pisa, Florence, Venice, Milan, Zurich, and Lucerne with The Falcon Tour.","155","959","Europe tour, Italy Switzerland holiday, 8 days Europe package, Rome to Zurich itinerary","87","The Grand Tour: Essence of Europe","33","Day-by-Day Itinerary","20","Gallery of Highlights","21","index, follow","","","https://thefalcontour.com/packages/package-essence-of-europe.html","","","","","","29362","7825","7825","1.160","","793","150","5.287","67.688","Normal","19.548","1","1","","9","9","0","4.050","33","19","0","6","4","0","","","","","a0639512ff696009417a9441e1d2e560","0.038","Thu, 30 Jul 2026 18:06:10 GMT","","","","en","1.1","","","","","","https://thefalcontour.com/packages/package-essence-of-europe.html","2026-07-31 12:05:25"
"https://thefalcontour.com/assets/images/activities/cable-car-6349067-600x810.jpg","image/jpeg","200","OK","Indexable","","","0","0","","0","0","","0","","0","","0","","0","","","","","","","","","","108993","108993","108993","16.153","","0","","","","","0.000","1","3","","0","0","0","0.000","0","0","0","0","0","0","","","","","","0.030","Thu, 30 Jul 2026 18:04:16 GMT","","","","","1.1","","","","","","https://thefalcontour.com/assets/images/activities/cable-car-6349067-600x810.jpg","2026-07-31 12:05:25"
"https://thefalcontour.com/assets/images/bhutan/3.jpg","image/jpeg","200","OK","Indexable","","","0","0","","0","0","","0","","0","","0","","0","","","","","","","","","","5941369","5941369","5941369","880.511","","0","","","","","0.000","1","3","","0","0","0","0.000","0","0","0","0","0","0","","","","","","0.035","Thu, 30 Jul 2026 18:04:11 GMT","","","","","1.1","","","","","","https://thefalcontour.com/assets/images/bhutan/3.jpg","2026-07-31 12:05:25"
"https://thefalcontour.com/packages/package-alpine-elegance-switzerland.html","text/html","200","OK","Indexable","","Alpine Elegance | Discover the Heart of Switzerland | The Falcon Tour","69","610","Hand-planned journey: St. Moritz · Zermatt · Interlaken · Lucerne · Zurich. Duration: 10 Days / 9 Nights.","105","631","travel package, itinerary, tour, flight, europe","47","Alpine Elegance | Discover the Heart of Switzerland","51","Day-by-Day Itinerary","20","Gallery of Highlights","21","index, follow","","","https://thefalcontour.com/packages/package-alpine-elegance-switzerland.html","","","","","","36951","8970","8970","1.329","","1766","304","5.809","70.350","Fairly Easy","32.061","1","1","","9","9","0","4.050","33","19","0","6","4","0","","","","","da33dd7adbdd97dcfc0d7acb545caff","0.088","Thu, 30 Jul 2026 18:06:09 GMT","","","","en","1.1","","","","","","https://thefalcontour.com/packages/package-alpine-elegance-switzerland.html","2026-07-31 12:05:25"
"https://thefalcontour.com/assets/js/motion/counters.js","application/x-javascript","200","OK","Indexable","","","0","0","","0","0","","0","","0","","0","","0","","","","","","","","","","805","805","805","0.119","","0","","","","","0.000","1","3","","0","0","0","0.000","0","0","0","0","0","0","","","","","","0.104","Thu, 30 Jul 2026 18:03:04 GMT","","","","","1.1","","","","","","https://thefalcontour.com/assets/js/motion/counters.js","2026-07-31 12:05:25"
"https://thefalcontour.com/blogs/blog-turkey.html","text/html","404","Not Found","Non-Indexable","Client Error","","0","0","","0","0","","0","","0","","0","","0","","","","","","","","","","1903","1903","1903","0.282","","0","","","","","0.000","1","1","","3","3","0","1.350","0","0","0","0","0","0","","","","","","0.025","Tue, 13 Jan 2026 11:43:06 GMT","","","","","1.1","","","","","","https://thefalcontour.com/blogs/blog-turkey.html","2026-07-31 12:05:25"
"https://thefalcontour.com/packages/package-discover-melbourne.html","text/html","200","OK","Indexable","","Discover Melbourne | The Cultural Capital of Australia | The Falcon Tour","72","631","Hand-planned journey: Melbourne · Great Ocean Road · Phillip Island Penguin Parade. Duration: 4 Days / 3 Nights.","112","701","travel package, itinerary, tour, flight, oceania","48","Discover Melbourne | The Cultural Capital of Australia","54","Day-by-Day Itinerary","20","Gallery of Highlights","21","index, follow","","","https://thefalcontour.com/packages/package-discover-melbourne.html","","","","","","28375","7384","7384","1.094","","749","132","5.674","72.312","Fairly Easy","19.105","1","1","","9","9","0","4.050","33","19","0","6","4","0","","","","","3e6627e9c40a0ca182cd7301a755b4cb","0.120","Thu, 30 Jul 2026 18:06:10 GMT","","","","en","1.1","","","","","","https://thefalcontour.com/packages/package-discover-melbourne.html","2026-07-31 12:05:25"
"https://thefalcontour.com/assets/images/activities/desert-8010545-600x810.jpg","image/jpeg","200","OK","Indexable","","","0","0","","0","0","","0","","0","","0","","0","","","","","","","","","","35958","35958","35958","5.329","","0","","","","","0.000","1","3","","0","0","0","0.000","0","0","0","0","0","0","","","","","","0.125","Thu, 30 Jul 2026 18:04:17 GMT","","","","","1.1","","","","","","https://thefalcontour.com/assets/images/activities/desert-8010545-600x810.jpg","2026-07-31 12:05:25"
"https://thefalcontour.com/assets/images/bali/4.jpg","image/jpeg","200","OK","Indexable","","","0","0","","0","0","","0","","0","","0","","0","","","","","","","","","","9261286","9261286","9261286","1372.523","","0","","","","","0.000","1","3","","0","0","0","0.000","0","0","0","0","0","0","","","","","","0.126","Thu, 30 Jul 2026 18:04:13 GMT","","","","","1.1","","","","","","https://thefalcontour.com/assets/images/bali/4.jpg","2026-07-31 12:05:25"
"https://thefalcontour.com/packages/package-classic-kashmir.html","text/html","200","OK","Indexable","","Classic Kashmir | The Falcon Tour","33","301","Classic Kashmir package: Gulmarg Gondola, Strawberry Valley & houseboat experience. Duration: 4 Nights / 5 Days, starting ₹18,999 per person.","141","892","travel package, itinerary, tour, flight, kashmir","48","Classic Kashmir","15","Day-by-Day Itinerary","20","Gallery of Highlights","21","index, follow","","","https://thefalcontour.com/packages/package-classic-kashmir.html","","","","","","16183","4189","4189","0.621","","294","75","3.920","72.215","Fairly Easy","14.450","1","1","","9","9","0","4.050","18","5","0","5","4","0","","","","","1a96fe815426c49a687e25bd473cd010","0.027","Thu, 30 Jul 2026 18:06:10 GMT","","","","en","1.1","","","","","","https://thefalcontour.com/packages/package-classic-kashmir.html","2026-07-31 12:05:25"
"https://thefalcontour.com/assets/images/japan/mount-fuji-guide.jpg","image/jpeg","200","OK","Indexable","","","0","0","","0","0","","0","","0","","0","","0","","","","","","","","","","95872","95872","95872","14.208","","0","","","","","0.000","1","3","","0","0","0","0.000","0","0","0","0","0","0","","","","","","0.109","Thu, 30 Jul 2026 18:03:50 GMT","","","","","1.1","","","","","","https://thefalcontour.com/assets/images/japan/mount-fuji-guide.jpg","2026-07-31 12:05:25"
"https://thefalcontour.com/assets/images/almaty/1.jpg","image/jpeg","200","OK","Indexable","","","0","0","","0","0","","0","","0","","0","","0","","","","","","","","","","791258","791258","791258","117.264","","0","","","","","0.000","1","3","","0","0","0","0.000","0","0","0","0","0","0","","","","","","0.028","Thu, 30 Jul 2026 18:04:15 GMT","","","","","1.1","","","","","","https://thefalcontour.com/assets/images/almaty/1.jpg","2026-07-31 12:05:25"
"https://thefalcontour.com/packages/package-bali-unveiled.html","text/html","200","OK","Indexable","","Bali Unveiled | Temples, Beaches & Island Adventures | The Falcon Tour","70","630","Bali Unveiled: Nusa Penida, Bali Swing, Tirta Empul & Uluwatu Kecak Dance. Duration: 6 Nights / 7 Days, starting ₹54,999 per person.","132","819","travel package, itinerary, tour, flight, bali","45","Bali Unveiled | Temples, Beaches & Island Adventures","52","Day-by-Day Itinerary","20","Gallery of Highlights","21","index, follow","","","https://thefalcontour.com/packages/package-bali-unveiled.html","","","","","","17505","4385","4385","0.650","","350","82","4.268","73.427","Fairly Easy","14.907","1","1","","9","9","0","4.050","18","5","0","5","4","0","","","","","c2a0dbe828b8160c181bdf9994aef1","0.094","Thu, 30 Jul 2026 18:06:09 GMT","","","","en","1.1","","","","","","https://thefalcontour.com/packages/package-bali-unveiled.html","2026-07-31 12:05:25"
"https://thefalcontour.com/assets/js/motion/navbar.js","application/x-javascript","200","OK","Indexable","","","0","0","","0","0","","0","","0","","0","","0","","","","","","","","","","1142","1142","1142","0.169","","0","","","","","0.000","1","3","","0","0","0","0.000","0","0","0","0","0","0","","","","","","0.096","Thu, 30 Jul 2026 18:03:04 GMT","","","","","1.1","","","","","","https://thefalcontour.com/assets/js/motion/navbar.js","2026-07-31 12:05:25"
"https://thefalcontour.com/assets/images/activities/cliff-7330902-600x810.jpg","image/jpeg","200","OK","Indexable","","","0","0","","0","0","","0","","0","","0","","0","","","","","","","","","","114741","114741","114741","17.005","","0","","","","","0.000","1","3","","0","0","0","0.000","0","0","0","0","0","0","","","","","","0.089","Thu, 30 Jul 2026 18:04:16 GMT","","","","","1.1","","","","","","https://thefalcontour.com/assets/images/activities/cliff-7330902-600x810.jpg","2026-07-31 12:05:25"
"https://thefalcontour.com/assets/images/bhutan/1.jpg","image/jpeg","200","OK","Indexable","","","0","0","","0","0","","0","","0","","0","","0","","","","","","","","","","1221554","1221554","1221554","181.034","","0","","","","","0.000","1","3","","0","0","0","0.000","0","0","0","0","0","0","","","","","","0.028","Thu, 30 Jul 2026 18:04:04 GMT","","","","","1.1","","","","","","https://thefalcontour.com/assets/images/bhutan/1.jpg","2026-07-31 12:05:25"
"https://thefalcontour.com/destinations/destination-europe.html","text/html","200","OK","Indexable","","Europe Tour Package — 14 Days | The Falcon Tour","47","444","Book The Falcon Tour's 14-day multi-city Europe package, a hand-planned route through the continent's best-loved cities.","120","752","europe tour package, 14 day europe holiday, multi city europe trip","66","Three countries, one unhurried route.","37","Overview","8","Day-by-Day Itinerary","20","index, follow, max-image-preview:large, max-snippet:-1","","","https://thefalcontour.com/destinations/destination-europe.html","","","","","","15213","4775","4775","0.708","","302","64","4.719","84.110","Easy","16.492","1","1","","183","158","0","71.170","34","21","0","6","4","0","","","","","7b5c8a072fd4ca7e46e60729ed254efe","0.094","Thu, 30 Jul 2026 18:05:06 GMT","","","","en","1.1","","","","","","https://thefalcontour.com/destinations/destination-europe.html","2026-07-31 12:05:25"
"https://thefalcontour.com/packages/package-classic-bali.html","text/html","200","OK","Indexable","","Classic Bali | Beaches, Temples & Rice Terraces | The Falcon Tour","65","579","Classic Bali package: Kuta & Ubud, rice terraces, Uluwatu Temple, Tanah Lot. Duration: 5 Nights / 6 Days, starting ₹42,999 per person.","134","826","travel package, itinerary, tour, flight, bali","45","Classic Bali | Beaches, Temples & Rice Terraces","47","Day-by-Day Itinerary","20","Gallery of Highlights","21","index, follow","","","https://thefalcontour.com/packages/package-classic-bali.html","","","","","","16706","4302","4302","0.638","","327","76","4.303","74.921","Fairly Easy","14.704","1","1","","12","9","0","4.050","18","5","0","5","4","0","","","","","ac9de97fbfb725d40fd519fb8e54b232","0.117","Thu, 30 Jul 2026 18:06:10 GMT","","","","en","1.1","","","","","","https://thefalcontour.com/packages/package-classic-bali.html","2026-07-31 12:05:25"
"https://thefalcontour.com/assets/images/bali/2.jpg","image/jpeg","200","OK","Indexable","","","0","0","","0","0","","0","","0","","0","","0","","","","","","","","","","2978269","2978269","2978269","441.379","","0","","","","","0.000","1","3","","0","0","0","0.000","0","0","0","0","0","0","","","","","","0.105","Thu, 30 Jul 2026 18:04:10 GMT","","","","","1.1","","","","","","https://thefalcontour.com/assets/images/bali/2.jpg","2026-07-31 12:05:25"
"https://thefalcontour.com/destinations/index.html","text/html","200","OK","Non-Indexable","Canonicalised","All Destinations | The Falcon Tour","34","297","Explore every destination offered by The Falcon Tour, from Dubai and Sri Lanka to Europe, Singapore, Azerbaijan and New Zealand.","128","807","tour destinations list, holiday packages by country, travel destinations","72","Nine countries, zero filler.","28","","0","","0","index, follow, max-image-preview:large, max-snippet:-1","","","https://thefalcontour.com/destinations/","","","","","","13749","3728","3728","0.552","","136","42","3.238","72.294","Fairly Easy","11.475","1","1","","673","222","0","100.000","34","25","0","4","3","0","","","","","bbc5fec70120261d0c34bceb60098b42","0.038","Thu, 30 Jul 2026 18:05:06 GMT","","","","en","1.1","","","","","","https://thefalcontour.com/destinations/index.html","2026-07-31 12:05:25"
"https://thefalcontour.com/packages/package-best-of-kashmir.html","text/html","200","OK","Indexable","","Best of Kashmir | The Falcon Tour","33","299","Best of Kashmir: Gulmarg, Pahalgam, Betaab & Aru Valley with houseboat stay. Duration: 5 Nights / 6 Days, starting ₹23,999 per person.","134","838","travel package, itinerary, tour, flight, kashmir","48","Best of Kashmir","15","Day-by-Day Itinerary","20","Gallery of Highlights","21","index, follow","","","https://thefalcontour.com/packages/package-best-of-kashmir.html","","","","","","16692","4220","4220","0.625","","308","79","3.899","76.802","Fairly Easy","14.267","1","1","","9","9","0","4.050","18","5","0","5","4","0","","","","","8a1b8caabe6a7639dd1a282121024739","0.030","Thu, 30 Jul 2026 18:06:09 GMT","","","","en","1.1","","","","","","https://thefalcontour.com/packages/package-best-of-kashmir.html","2026-07-31 12:05:25"
"https://thefalcontour.com/blogs/index.html","text/html","200","OK","Non-Indexable","Canonicalised","Travel Blog | Europe, Japan, Australia, USA | The Falcon Tour","61","533","100+ in-depth travel guides — from visa tips and itineraries to city guides for Amsterdam, Paris, Rome, Barcelona, Prague and more.","131","809","Europe travel blog, Europe travel guides, Europe itinerary, Europe visa, European cities","88","Notes from the road, not the brochure.","38","🇯🇵 Japan 20 guides","20","🇦🇺 Australia 20 guides","24","index, follow, max-image-preview:large, max-snippet:-1","","","https://thefalcontour.com/blogs/","","","","","","108425","17748","17748","2.630","","3491","592","5.897","71.975","Fairly Easy","20.616","1","1","","300","189","0","85.140","137","127","0","7","3","0","","","","","d0d0d7ed243ff84cf8adee19f3338a3f","0.092","Thu, 30 Jul 2026 18:04:33 GMT","","","","en","1.1","","","","","","https://thefalcontour.com/blogs/index.html","2026-07-31 12:05:25"
"https://thefalcontour.com/packages/package-classic-sri-lanka.html","text/html","200","OK","Indexable","","Classic Sri Lanka (5D/4N) | The Falcon Tour","43","385","A classic 5-day Sri Lanka tour through the hill capital Kandy and the beaches of Bentota, featuring the Temple of the Tooth Relic and a Madu River safari.","154","941","Classic Sri Lanka package, Kandy Bentota tour, Sri Lanka hills and beach holiday","80","Classic Sri Lanka: Hills & Coast","32","Day-by-Day Itinerary","20","Gallery of Highlights","21","index, follow","","","https://thefalcontour.com/packages/package-classic-sri-lanka.html","","","","","","25138","6787","6787","1.006","","511","107","4.776","67.389","Normal","15.640","1","1","","12","9","0","4.050","33","19","0","6","4","0","","","","","71f91467c25dde46e068da9f87d1ed6c","0.029","Thu, 30 Jul 2026 18:06:10 GMT","","","","en","1.1","","","","","","https://thefalcontour.com/packages/package-classic-sri-lanka.html","2026-07-31 12:05:25"
"https://thefalcontour.com/reviews.html","text/html","200","OK","Indexable","","Traveller Reviews | The Falcon Tour","35","313","Read genuine reviews from travellers who've booked adventure and leisure trips with The Falcon Tour.","100","632","","0","All Reviews","11","","0","","0","index, follow","","","https://thefalcontour.com/reviews.html","","","","","","6514","2517","2517","0.373","","29","6","4.833","70.653","Fairly Easy","4.089","1","0","","6","3","0","1.350","6","5","0","0","0","0","","","","","9ec56f5e3eebfae55c597a7adc827d71","0.031","Thu, 30 Jul 2026 18:07:14 GMT","","","","en","1.1","","","","","","https://thefalcontour.com/reviews.html","2026-07-31 12:05:25"
"https://thefalcontour.com/assets/images/activities/skyline-luge-163934_1920-600x810.jpg","image/jpeg","200","OK","Indexable","","","0","0","","0","0","","0","","0","","0","","0","","","","","","","","","","110360","110360","110360","16.355","","0","","","","","0.000","1","3","","0","0","0","0.000","0","0","0","0","0","0","","","","","","0.035","Thu, 30 Jul 2026 18:04:17 GMT","","","","","1.1","","","","","","https://thefalcontour.com/assets/images/activities/skyline-luge-163934_1920-600x810.jpg","2026-07-31 12:05:25"
"https://thefalcontour.com/assets/images/ladakh/1.jpg","image/jpeg","200","OK","Indexable","","","0","0","","0","0","","0","","0","","0","","0","","","","","","","","","","3209227","3209227","3209227","475.607","","0","","","","","0.000","1","3","","0","0","0","0.000","0","0","0","0","0","0","","","","","","0.053","Thu, 30 Jul 2026 18:03:42 GMT","","","","","1.1","","","","","","https://thefalcontour.com/assets/images/ladakh/1.jpg","2026-07-31 12:05:26"
"https://thefalcontour.com/activities/activity-atv-ride.html","text/html","200","OK","Indexable","","ATV Ride — Book Adventure Activities | The Falcon Tour","54","493","Book an ATV ride adventure activity with The Falcon Tour. Expert-guided, safety-checked rides added to any holiday package at great value.","138","861","atv ride booking, desert atv adventure, off-road activity","57","ATV Ride","8","Frequently Asked","16","Other activities worth adding.","30","index, follow, max-image-preview:large, max-snippet:-1","","","https://thefalcontour.com/activities/activity-atv-ride.html","","","","","","13787","4334","4334","0.642","","189","41","4.610","59.813","Fairly Hard","13.975","1","1","","13","13","0","5.860","34","21","0","4","3","0","","","","","d0c8bf61d8ac4f9a9c8a5f2b822dc6aa","0.038","Thu, 30 Jul 2026 18:02:45 GMT","","","","en","1.1","","","","","","https://thefalcontour.com/activities/activity-atv-ride.html","2026-07-31 12:05:26"
"https://thefalcontour.com/destinations/destination-dubai.html","text/html","200","OK","Indexable","","Dubai Tour Package — 8 Days | The Falcon Tour","45","421","Book The Falcon Tour's 8-day Dubai package with desert safaris, skyline tours and beach time, starting at ₹68,000 per person.","125","779","dubai tour package, 8 day dubai holiday, dubai itinerary price","62","Where the desert meets the skyline.","35","Overview","8","Day-by-Day Itinerary","20","index, follow, max-image-preview:large, max-snippet:-1","","","https://thefalcontour.com/destinations/destination-dubai.html","","","","","","16404","5082","5082","0.753","","399","76","5.250","84.042","Easy","18.509","1","1","","173","170","0","76.580","34","21","0","8","4","0","","","","","f3909b5a7cd915373fc61c2cf0446d81","0.030","Thu, 30 Jul 2026 18:05:06 GMT","","","","en","1.1","","","","","","https://thefalcontour.com/destinations/destination-dubai.html","2026-07-31 12:05:26"
"https://thefalcontour.com/packages/package-ladakh-lakes-valleys.html","text/html","200","OK","Indexable","","Best of Ladakh | Lakes & Valleys | The Falcon Tour","50","441","Best of Ladakh: Nubra Valley, Pangong Lake & monastery sightseeing. Duration: 5 Nights / 6 Days, starting ₹35,999 per person.","125","785","travel package, itinerary, tour, flight, ladakh","47","Best of Ladakh | Lakes & Valleys","32","Day-by-Day Itinerary","20","Gallery of Highlights","21","index, follow","","","https://thefalcontour.com/packages/package-ladakh-lakes-valleys.html","","","","","","16855","4246","4246","0.629","","320","79","4.051","80.054","Easy","14.313","1","1","","12","9","0","4.050","18","5","0","5","4","0","","","","","2b7f057c5f1d820770b3f82bafb403ef","0.111","Thu, 30 Jul 2026 18:06:11 GMT","","","","en","1.1","","","","","","https://thefalcontour.com/packages/package-ladakh-lakes-valleys.html","2026-07-31 12:05:26"
"https://thefalcontour.com/assets/js/motion/images.js","application/x-javascript","200","OK","Indexable","","","0","0","","0","0","","0","","0","","0","","0","","","","","","","","","","746","746","746","0.111","","0","","","","","0.000","1","3","","0","0","0","0.000","0","0","0","0","0","0","","","","","","0.099","Thu, 30 Jul 2026 18:03:04 GMT","","","","","1.1","","","","","","https://thefalcontour.com/assets/js/motion/images.js","2026-07-31 12:05:26"
"https://thefalcontour.com/why-us/index.html","text/html","200","OK","Non-Indexable","Canonicalised","Why Book With Us | The Falcon Tour","34","320","Six reasons thousands of travellers trust The Falcon Tour to plan their perfect holiday — personalised, transparent and always dependable.","138","856","why book with falcon tour, trusted travel agency, personalised holidays","71","Planned like our own trip, every single time.","45","More than a booking, a promise.","31","Let's start planning your perfect trip.","39","index, follow, max-image-preview:large, max-snippet:-1","","","https://thefalcontour.com/why-us/","","","","","","12500","4383","4383","0.650","","233","44","5.295","71.474","Fairly Easy","13.036","1","1","","221","221","0","99.550","18","6","0","1","1","0","","","","","34ba8a121f61a174ccf72097617ad96f","0.029","Thu, 30 Jul 2026 18:06:32 GMT","","","","en","1.1","","","","","","https://thefalcontour.com/why-us/index.html","2026-07-31 12:05:26"
"https://thefalcontour.com/assets/images/thailand/4.jpg","image/jpeg","200","OK","Indexable","","","0","0","","0","0","","0","","0","","0","","0","","","","","","","","","","3490783","3490783","3490783","517.334","","0","","","","","0.000","1","3","","0","0","0","0.000","0","0","0","0","0","0","","","","","","0.029","Thu, 30 Jul 2026 18:03:30 GMT","","","","","1.1","","","","","","https://thefalcontour.com/assets/images/thailand/4.jpg","2026-07-31 12:05:26"
"https://thefalcontour.com/assets/images/bhutan/4.jpg","image/jpeg","200","OK","Indexable","","","0","0","","0","0","","0","","0","","0","","0","","","","","","","","","","1163081","1163081","1163081","172.369","","0","","","","","0.000","1","3","","0","0","0","0.000","0","0","0","0","0","0","","","","","","0.089","Thu, 30 Jul 2026 18:04:06 GMT","","","","","1.1","","","","","","https://thefalcontour.com/assets/images/bhutan/4.jpg","2026-07-31 12:05:26"
"https://thefalcontour.com/packages/package-new-zealand-uncovered.html","text/html","200","OK","Indexable","","New Zealand Uncovered | The Falcon Tour","39","375","Journey across North & South Islands. Explore Hobbiton, Rotorua, Wellington, Cook Strait, Kaikoura, Christchurch, Queenstown, Milford Sound.","140","882","Japan tour package, Tokyo Kyoto Osaka itinerary, Mt. Fuji excursion, first time Japan travel","92","New Zealand Uncovered","21","Day-by-Day Itinerary","20","Gallery of Highlights","21","index, follow","","","https://thefalcontour.com/packages/package-new-zealand-uncovered.html","","","","","","30574","8112","8112","1.202","","862","159","5.421","61.183","Normal","20.778","1","1","","12","9","0","4.050","33","19","0","6","4","0","","","","","6ab156f9a93e3e1b1ea7a3bb8bd84279","0.032","Thu, 30 Jul 2026 18:06:11 GMT","","","","en","1.1","","","","","","https://thefalcontour.com/packages/package-new-zealand-uncovered.html","2026-07-31 12:05:26"
"https://thefalcontour.com/assets/images/kashmir/3.jpg","image/jpeg","200","OK","Indexable","","","0","0","","0","0","","0","","0","","0","","0","","","","","","","","","","10493473","10493473","10493473","1555.133","","0","","","","","0.000","1","3","","0","0","0","0.000","0","0","0","0","0","0","","","","","","0.096","Thu, 30 Jul 2026 18:03:52 GMT","","","","","1.1","","","","","","https://thefalcontour.com/assets/images/kashmir/3.jpg","2026-07-31 12:05:26"
"https://thefalcontour.com/packages/package-kerala-escape.html","text/html","200","OK","Indexable","","Kerala Escape | Munnar & Alleppey | The Falcon Tour","51","465","Kerala Escape package: Munnar tea gardens & Alleppey backwaters. Duration: 3 Nights / 4 Days, starting ₹18,999 per person.","122","775","travel package, itinerary, tour, flight, kerala","47","Kerala Escape | Munnar & Alleppey","33","Day-by-Day Itinerary","20","Gallery of Highlights","21","index, follow","","","https://thefalcontour.com/packages/package-kerala-escape.html","","","","","","16113","4195","4195","0.622","","293","73","4.014","70.231","Fairly Easy","14.364","1","1","","12","9","0","4.050","18","5","0","5","4","0","","","","","8f714c6c4531478e8b5aab3c52bf92d1","0.033","Thu, 30 Jul 2026 18:06:11 GMT","","","","en","1.1","","","","","","https://thefalcontour.com/packages/package-kerala-escape.html","2026-07-31 12:05:26"
"https://thefalcontour.com/assets/images/activities/desert-6944217-600x810.jpg","image/jpeg","200","OK","Indexable","","","0","0","","0","0","","0","","0","","0","","0","","","","","","","","","","45725","45725","45725","6.776","","0","","","","","0.000","1","3","","0","0","0","0.000","0","0","0","0","0","0","","","","","","0.111","Thu, 30 Jul 2026 18:04:16 GMT","","","","","1.1","","","","","","https://thefalcontour.com/assets/images/activities/desert-6944217-600x810.jpg","2026-07-31 12:05:26"
"https://thefalcontour.com/packages/package-sri-lanka-escape.html","text/html","200","OK","Indexable","","Sri Lanka Escape | Beaches & Heritage (4D/3N) | The Falcon Tour","63","573","A quick 4-day Sri Lanka escape covering Colombo city highlights and the beaches of Bentota, with a Madu River safari and turtle hatchery visit.","143","880","Sri Lanka short package, Colombo Bentota tour, Sri Lanka beach holiday","70","Sri Lanka Escape: Beaches & Heritage","36","Day-by-Day Itinerary","20","Gallery of Highlights","21","index, follow","","","https://thefalcontour.com/packages/package-sri-lanka-escape.html","","","","","","24524","6705","6705","0.994","","488","99","4.929","65.744","Normal","15.464","1","1","","12","9","0","4.050","33","19","0","6","4","0","","","","","844fb157af4376a950df4433d3335f9f","0.098","Thu, 30 Jul 2026 18:06:12 GMT","","","","en","1.1","","","","","","https://thefalcontour.com/packages/package-sri-lanka-escape.html","2026-07-31 12:05:26"
"https://thefalcontour.com/packages/package-ladakh-getaway.html","text/html","200","OK","Indexable","","Leh Getaway | Land of High Passes | The Falcon Tour","51","468","Leh Getaway package: Shanti Stupa, Leh Palace, Magnetic Hill & Sangam Point. Duration: 3 Nights / 4 Days, starting ₹13,999 per person.","134","839","travel package, itinerary, tour, flight, ladakh","47","Leh Getaway | Land of High Passes","33","Day-by-Day Itinerary","20","Gallery of Highlights","21","index, follow","","","https://thefalcontour.com/packages/package-ladakh-getaway.html","","","","","","16992","4283","4283","0.635","","314","80","3.925","74.604","Fairly Easy","14.233","1","1","","9","9","0","4.050","18","5","0","5","4","0","","","","","1f325760448601f8a48dbf2855c67c0d","0.031","Thu, 30 Jul 2026 18:06:11 GMT","","","","en","1.1","","","","","","https://thefalcontour.com/packages/package-ladakh-getaway.html","2026-07-31 12:05:26"
"https://thefalcontour.com/assets/images/ladakh/3.jpg","image/jpeg","200","OK","Indexable","","","0","0","","0","0","","0","","0","","0","","0","","","","","","","","","","3459548","3459548","3459548","512.705","","0","","","","","0.000","1","3","","0","0","0","0.000","0","0","0","0","0","0","","","","","","0.030","Thu, 30 Jul 2026 18:03:43 GMT","","","","","1.1","","","","","","https://thefalcontour.com/assets/images/ladakh/3.jpg","2026-07-31 12:05:26"
"https://thefalcontour.com/packages/package-journey-through-japan.html","text/html","200","OK","Indexable","","Journey Through Japan | Culture, Cuisine & Cherry Blossoms | The Falcon Tour","76","696","Hand-planned journey: Tokyo · Hakone · Mt. Fuji · Kyoto · Nara · Osaka. Duration: 6 Days / 5 Nights.","100","609","travel package, itinerary, tour, flight, asia","45","Journey Through Japan | Culture, Cuisine & Cherry Blossoms","58","Day-by-Day Itinerary","20","Gallery of Highlights","21","index, follow","","","https://thefalcontour.com/packages/package-journey-through-japan.html","","","","","","26161","6585","6585","0.976","","536","102","5.255","76.337","Fairly Easy","15.070","1","1","","9","9","0","4.050","33","19","0","6","4","0","","","","","4870d548489aa558b3be58fc086d999f","0.106","Thu, 30 Jul 2026 18:06:11 GMT","","","","en","1.1","","","","","","https://thefalcontour.com/packages/package-journey-through-japan.html","2026-07-31 12:05:26"
"https://thefalcontour.com/packages/package-ladakh-ultimate.html","text/html","200","OK","Indexable","","Ultimate Ladakh Expedition | The Falcon Tour","44","400","Ultimate Ladakh Expedition: Turtuk Village, Pangong Lake & Nubra Valley in depth. Duration: 6 Nights / 7 Days, starting ₹38,999 per person.","139","860","travel package, itinerary, tour, flight, ladakh","47","Ultimate Ladakh Expedition","26","Day-by-Day Itinerary","20","Gallery of Highlights","21","index, follow","","","https://thefalcontour.com/packages/package-ladakh-ultimate.html","","","","","","17669","4307","4307","0.638","","326","86","3.791","74.530","Fairly Easy","14.202","1","1","","12","9","0","4.050","18","5","0","5","4","0","","","","","f0f93820251e2cdbc51f351372efb141","0.027","Thu, 30 Jul 2026 18:06:11 GMT","","","","en","1.1","","","","","","https://thefalcontour.com/packages/package-ladakh-ultimate.html","2026-07-31 12:05:26"
"https://thefalcontour.com/packages/package-almaty-city-escape.html","text/html","200","OK","Indexable","","Almaty City Escape | The Falcon Tour","36","329","Almaty City Escape package: Panfilov Park, Zenkov Cathedral & Kok Tobe Hill. Duration: 3 Nights / 4 Days, starting ₹25,999 per person.","134","833","travel package, itinerary, tour, flight, almaty","47","Almaty City Escape","18","Day-by-Day Itinerary","20","Gallery of Highlights","21","index, follow","","","https://thefalcontour.com/packages/package-almaty-city-escape.html","","","","","","16259","4182","4182","0.620","","287","76","3.776","69.175","Normal","14.025","1","1","","12","9","0","4.050","18","5","0","5","4","0","","","","","913b46dc4e6cffa5eba41242f627e178","0.104","Thu, 30 Jul 2026 18:06:09 GMT","","","","en","1.1","","","","","","https://thefalcontour.com/packages/package-almaty-city-escape.html","2026-07-31 12:05:26"
"https://thefalcontour.com/packages/package-classic-bhutan.html","text/html","200","OK","Indexable","","Classic Bhutan | The Falcon Tour","32","291","Classic Bhutan package: Dochula Pass, Paro Dzong & National Museum. Duration: 4 Nights / 5 Days, starting ₹27,999 per person.","125","801","travel package, itinerary, tour, flight, bhutan","47","Classic Bhutan","14","Day-by-Day Itinerary","20","Gallery of Highlights","21","index, follow","","","https://thefalcontour.com/packages/package-classic-bhutan.html","","","","","","16452","4212","4212","0.624","","297","77","3.857","73.029","Fairly Easy","14.287","1","1","","9","9","0","4.050","18","5","0","5","4","0","","","","","1300690a5ffefaef10bb295089be8257","0.038","Thu, 30 Jul 2026 18:06:10 GMT","","","","en","1.1","","","","","","https://thefalcontour.com/packages/package-classic-bhutan.html","2026-07-31 12:05:26"
"https://thefalcontour.com/packages/package-bali-essentials.html","text/html","200","OK","Indexable","","Discover Bali | Island of Gods | The Falcon Tour","48","414","Discover Bali package: Kintamani Volcano, Tanah Lot Sunset, Uluwatu Temple, watersports. Duration: 4 Nights / 5 Days, starting ₹29,999 per person.","146","919","travel package, itinerary, tour, flight, bali","45","Discover Bali | Island of Gods","30","Day-by-Day Itinerary","20","Gallery of Highlights","21","index, follow","","","https://thefalcontour.com/packages/package-bali-essentials.html","","","","","","16546","4315","4315","0.639","","326","76","4.289","71.948","Fairly Easy","14.828","1","1","","12","9","0","4.050","18","5","0","5","4","0","","","","","4abc901d3a32f6bbde8122d5d91883fc","0.028","Thu, 30 Jul 2026 18:06:09 GMT","","","","en","1.1","","","","","","https://thefalcontour.com/packages/package-bali-essentials.html","2026-07-31 12:05:26"
"https://thefalcontour.com/assets/js/firebase-config.js","application/x-javascript","200","OK","Indexable","","","0","0","","0","0","","0","","0","","0","","0","","","","","","","","","","2369","2369","2369","0.351","","0","","","","","0.000","1","2","","0","0","0","0.000","0","0","0","0","0","0","","","","","","0.098","Thu, 30 Jul 2026 18:03:03 GMT","","","","","1.1","","","","","","https://thefalcontour.com/assets/js/firebase-config.js","2026-07-31 12:05:26"
"https://thefalcontour.com/packages/package-west-coast-usa.html","text/html","200","OK","Indexable","","West Coast USA & Wonders | The Falcon Tour","42","405","Explore Las Vegas, Hoover Dam enroute, Grand Canyon Skywalk glass bridge, Hollywood, Beverly Hills, Universal Studios, and San Francisco bay cruise.","148","933","Japan tour package, Tokyo Kyoto Osaka itinerary, Mt. Fuji excursion, first time Japan travel","92","West Coast USA & Wonders","24","Day-by-Day Itinerary","20","Gallery of Highlights","21","index, follow","","","https://thefalcontour.com/packages/package-west-coast-usa.html","","","","","","30537","8146","8146","1.207","","867","159","5.453","61.959","Normal","20.752","1","1","","9","9","0","4.050","33","19","0","6","4","0","","","","","636ca361ec54d8ba37466057a432a538","0.032","Thu, 30 Jul 2026 18:06:12 GMT","","","","en","1.1","","","","","","https://thefalcontour.com/packages/package-west-coast-usa.html","2026-07-31 12:05:26"
"https://thefalcontour.com/packages/package-best-of-bhutan.html","text/html","200","OK","Indexable","","Best of Bhutan | The Falcon Tour","32","290","Best of Bhutan package: Chele La Pass & Tiger's Nest Monastery Viewpoint. Duration: 5 Nights / 6 Days, starting ₹38,999 per person.","131","823","travel package, itinerary, tour, flight, bhutan","47","Best of Bhutan","14","Day-by-Day Itinerary","20","Gallery of Highlights","21","index, follow","","","https://thefalcontour.com/packages/package-best-of-bhutan.html","","","","","","16466","4223","4223","0.626","","304","77","3.948","76.206","Fairly Easy","14.299","1","1","","9","9","0","4.050","18","5","0","5","4","0","","","","","b98f2c2e5eb032bd96591e7f4613d9d8","0.031","Thu, 30 Jul 2026 18:06:09 GMT","","","","en","1.1","","","","","","https://thefalcontour.com/packages/package-best-of-bhutan.html","2026-07-31 12:05:26"
"https://thefalcontour.com/packages/package-kashmir-complete-experience.html","text/html","200","OK","Indexable","","Complete Kashmir Experience | The Falcon Tour","45","425","Complete Kashmir Experience: Srinagar, Gulmarg, Pahalgam & deluxe houseboat stay. Duration: 6 Nights / 7 Days, starting ₹29,999 per person.","139","882","travel package, itinerary, tour, flight, kashmir","48","Complete Kashmir Experience","27","Day-by-Day Itinerary","20","Gallery of Highlights","21","index, follow","","","https://thefalcontour.com/packages/package-kashmir-complete-experience.html","","","","","","17232","4276","4276","0.634","","318","82","3.878","72.806","Fairly Easy","14.458","1","1","","9","9","0","4.050","18","5","0","5","4","0","","","","","140c8b5bb247e8d291768b87e8dd6acf","0.034","Thu, 30 Jul 2026 18:06:11 GMT","","","","en","1.1","","","","","","https://thefalcontour.com/packages/package-kashmir-complete-experience.html","2026-07-31 12:05:26"
"https://thefalcontour.com/packages/package-ultimate-dubai-luxury.html","text/html","200","OK","Indexable","","The Ultimate Dubai | Luxury Beyond Expectations | The Falcon Tour","65","592","Hand-planned journey: Marina Dhow Cruise · Desert Safari · Burj Khalifa 124th Floor · Atlantis The Palm. Duration: 7 Days / 6 Nights.","133","813","travel package, itinerary, tour, flight, dubai","46","The Ultimate Dubai | Luxury Beyond Expectations","47","Day-by-Day Itinerary","20","Gallery of Highlights","21","index, follow","","","https://thefalcontour.com/packages/package-ultimate-dubai-luxury.html","","","","","","24393","6526","6526","0.967","","405","86","4.709","76.931","Fairly Easy","13.423","1","1","","15","9","0","4.050","33","19","0","6","4","0","","","","","33a04b9788fe4d1c64014f3f2b041f3e","0.027","Thu, 30 Jul 2026 18:06:12 GMT","","","","en","1.1","","","","","","https://thefalcontour.com/packages/package-ultimate-dubai-luxury.html","2026-07-31 12:05:26"
"https://thefalcontour.com/packages/index.html?category=beach","text/html","200","OK","Non-Indexable","Canonicalised","Premium Tour Packages | The Falcon Tour","39","377","Explore our hand-planned premium travel packages across Europe, Japan, New Zealand, Australia, and the USA. Eleven curated itineraries by The Falcon Tour.","154","977","tour packages, premium travel, europe tour, japan cherry blossom, new zealand adventure, swiss paris holiday","108","Thirty-two premium journeys, meticulously planned.","50","🇪🇺 Europe & Switzerland","25","❄️ Scandinavia & Iceland","24","index, follow, max-image-preview:large, max-snippet:-1","","","https://thefalcontour.com/packages/","","","","","","103084","14616","14616","2.166","","2575","654","3.937","84.629","Easy","15.267","1","1","","3","3","0","1.350","84","74","0","1","1","0","","","","","b4530940a6cabce240ec0e6db41c05e7","0.048","Thu, 30 Jul 2026 18:06:09 GMT","","","","en","1.1","","","","","","https://thefalcontour.com/packages/index.html?category=beach","2026-07-31 12:05:26"
"https://thefalcontour.com/activities/activity-quad-biking.html","text/html","200","OK","Indexable","","Quad Biking in Desert — Book Adventure Activities | The Falcon Tour","67","602","Ride the golden dunes on a guided Quad Biking adventure with The Falcon Tour, an exhilarating desert activity for every skill level.","132","800","quad biking desert, dune activity, off-road tour","48","Quad Biking in Desert","21","Frequently Asked","16","Other activities worth adding.","30","index, follow, max-image-preview:large, max-snippet:-1","","","https://thefalcontour.com/activities/activity-quad-biking.html","","","","","","13783","4303","4303","0.638","","197","40","4.925","70.856","Fairly Easy","13.856","1","1","","4","4","0","1.800","34","21","0","4","3","0","","","","","a2a1d8c412e0b8cd283cbed7368d18ba","0.028","Thu, 30 Jul 2026 18:02:45 GMT","","","","en","1.1","","","","","","https://thefalcontour.com/activities/activity-quad-biking.html","2026-07-31 12:05:26"
"https://thefalcontour.com/assets/images/singapore/1.jpg","image/jpeg","200","OK","Indexable","","","0","0","","0","0","","0","","0","","0","","0","","","","","","","","","","536090","536090","536090","79.449","","0","","","","","0.000","1","3","","0","0","0","0.000","0","0","0","0","0","0","","","","","","0.029","Thu, 30 Jul 2026 18:03:35 GMT","","","","","1.1","","","","","","https://thefalcontour.com/assets/images/singapore/1.jpg","2026-07-31 12:05:26"
"https://thefalcontour.com/assets/images/thailand/2.jpg","image/jpeg","200","OK","Indexable","","","0","0","","0","0","","0","","0","","0","","0","","","","","","","","","","2029633","2029633","2029633","300.792","","0","","","","","0.000","1","3","","0","0","0","0.000","0","0","0","0","0","0","","","","","","0.032","Thu, 30 Jul 2026 18:03:26 GMT","","","","","1.1","","","","","","https://thefalcontour.com/assets/images/thailand/2.jpg","2026-07-31 12:05:26"
"https://thefalcontour.com/destinations/destination-azerbaijan.html","text/html","200","OK","Indexable","","Azerbaijan Tour Package — 6 Days | The Falcon Tour","50","464","Book The Falcon Tour's 6-day Azerbaijan package covering Baku, the Caucasus mountains and the Caspian coast, hand-planned and all-inclusive.","140","902","azerbaijan tour package, baku holiday, 6 day azerbaijan itinerary","65","The Silk Road's quiet comeback.","31","Overview","8","Day-by-Day Itinerary","20","index, follow, max-image-preview:large, max-snippet:-1","","","https://thefalcontour.com/destinations/destination-azerbaijan.html","","","","","","15378","4769","4769","0.707","","286","62","4.613","74.365","Fairly Easy","16.076","1","1","","165","164","0","73.870","34","21","0","6","4","0","","","","","1477d0cef8a499ff803ca136c997b732","0.026","Thu, 30 Jul 2026 18:05:06 GMT","","","","en","1.1","","","","","","https://thefalcontour.com/destinations/destination-azerbaijan.html","2026-07-31 12:05:26"
"https://thefalcontour.com/assets/images/logo.png","image/png","200","OK","Indexable","","","0","0","","0","0","","0","","0","","0","","0","","","","","","","","","","200101","200101","200101","29.655","","0","","","","","0.000","1","2","","0","0","0","0.000","0","0","0","0","0","0","","","","","","0.094","Thu, 30 Jul 2026 18:03:06 GMT","","","","","1.1","","","","","","https://thefalcontour.com/assets/images/logo.png","2026-07-31 12:05:26"
"https://thefalcontour.com/destinations/destination-malaysia.html","text/html","200","OK","Indexable","","Malaysia Tour Package — 6 Days | The Falcon Tour","48","448","Book The Falcon Tour's 6-day Malaysia package spanning Kuala Lumpur's skyline and island beaches, fully curated and all-inclusive.","130","819","malaysia tour package, 6 day malaysia holiday, kuala lumpur itinerary","69","Skyline city, island silence.","29","Overview","8","Day-by-Day Itinerary","20","index, follow, max-image-preview:large, max-snippet:-1","","","https://thefalcontour.com/destinations/destination-malaysia.html","","","","","","15018","4680","4680","0.694","","258","57","4.526","71.734","Fairly Easy","15.512","1","1","","158","158","0","71.170","34","21","0","6","4","0","","","","","12a07067dcace015956999b501a8a813","0.029","Thu, 30 Jul 2026 18:05:06 GMT","","","","en","1.1","","","","","","https://thefalcontour.com/destinations/destination-malaysia.html","2026-07-31 12:05:26"
"https://thefalcontour.com/activities/activity-dune-buggy.html","text/html","200","OK","Indexable","","Dune Buggy Ride — Book Adventure Activities | The Falcon Tour","61","563","Take on the dunes with a guided Dune Buggy Ride booked through The Falcon Tour, a thrilling add-on for any desert adventure itinerary.","134","841","dune buggy ride, desert adventure activity, dubai buggy tour","60","Dune Buggy Ride","15","Frequently Asked","16","Other activities worth adding.","30","index, follow, max-image-preview:large, max-snippet:-1","","","https://thefalcontour.com/activities/activity-dune-buggy.html","","","","","","13788","4296","4296","0.637","","194","42","4.619","65.653","Normal","14.032","1","1","","4","4","0","1.800","34","21","0","4","3","0","","","","","cfb61a5a72cff4eb2cb44fe02d54718f","0.139","Thu, 30 Jul 2026 18:02:45 GMT","","","","en","1.1","","","","","","https://thefalcontour.com/activities/activity-dune-buggy.html","2026-07-31 12:05:26"
"https://thefalcontour.com/packages/package-discover-australia.html","text/html","200","OK","Indexable","","Discover Australia | The Falcon Tour","36","319","Sweep across three cities. Explore Sydney Opera House, Gold Coast theme parks, Brisbane, Cairns Great Barrier Reef snorkeling.","126","791","Japan tour package, Tokyo Kyoto Osaka itinerary, Mt. Fuji excursion, first time Japan travel","92","Discover Australia","18","Day-by-Day Itinerary","20","Gallery of Highlights","21","index, follow","","","https://thefalcontour.com/packages/package-discover-australia.html","","","","","","30518","8103","8103","1.201","","860","158","5.443","61.327","Normal","20.685","1","1","","12","9","0","4.050","33","19","0","6","4","0","","","","","b5918b249c3d48e34d5361e415b40451","0.062","Thu, 30 Jul 2026 18:06:10 GMT","","","","en","1.1","","","","","","https://thefalcontour.com/packages/package-discover-australia.html","2026-07-31 12:05:26"
"https://thefalcontour.com/activities/activity-desert-safari.html","text/html","200","OK","Indexable","","Desert Safari & Dune Bashing — Book Adventure Activities | The Falcon Tour","74","671","Experience an unforgettable Desert Safari and dune bashing adventure with The Falcon Tour, including sunset drives and Bedouin camp dining.","139","887","desert safari dubai, dune bashing, bedouin camp experience","58","Desert Safari & Dune Bashing","28","Frequently Asked","16","Other activities worth adding.","30","index, follow, max-image-preview:large, max-snippet:-1","","","https://thefalcontour.com/activities/activity-desert-safari.html","","","","","","14038","4378","4378","0.649","","212","41","5.171","61.917","Normal","14.669","1","1","","13","13","0","5.860","34","21","0","4","3","0","","","","","ed4715198310578fad14963c901017e9","0.046","Thu, 30 Jul 2026 18:02:45 GMT","","","","en","1.1","","","","","","https://thefalcontour.com/activities/activity-desert-safari.html","2026-07-31 12:05:26"
"https://thefalcontour.com/packages/package-japan-alpine.html","text/html","200","OK","Indexable","","Alpine Majesty | Japan's Snow Walls | The Falcon Tour","53","479","Experience the snowy peak Tateyama Kurobe Alpine route, Zenko-ji, historic Kyoto temples, Osaka castle and Tokyo neon lights.","125","792","Japan tour package, Tokyo Kyoto Osaka itinerary, Mt. Fuji excursion, first time Japan travel","92","Alpine Majesty | Japan's Snow Walls","35","Day-by-Day Itinerary","20","Gallery of Highlights","21","index, follow","","","https://thefalcontour.com/packages/package-japan-alpine.html","","","","","","30516","8117","8117","1.203","","864","159","5.434","61.299","Normal","20.770","1","1","","9","9","0","4.050","33","19","0","6","4","0","","","","","304e782689c02f75c47933c20b2de395","0.036","Thu, 30 Jul 2026 18:06:10 GMT","","","","en","1.1","","","","","","https://thefalcontour.com/packages/package-japan-alpine.html","2026-07-31 12:05:26"
"https://thefalcontour.com/activities/activity-universal-studios.html","text/html","200","OK","Indexable","","Universal Studios Rides — Book Adventure Activities | The Falcon Tour","69","619","Add a full day of thrills at Universal Studios to your itinerary with The Falcon Tour, including rides, shows and skip-the-line options.","136","805","universal studios tickets, theme park day trip, family activity","63","Universal Studios Rides","23","Frequently Asked","16","Other activities worth adding.","30","index, follow, max-image-preview:large, max-snippet:-1","","","https://thefalcontour.com/activities/activity-universal-studios.html","","","","","","13946","4344","4344","0.644","","196","40","4.900","62.013","Normal","14.108","1","1","","4","4","0","1.800","34","21","0","4","3","0","","","","","7b62060d76591725115a2b7676e88b0e","0.118","Thu, 30 Jul 2026 18:02:45 GMT","","","","en","1.1","","","","","","https://thefalcontour.com/activities/activity-universal-studios.html","2026-07-31 12:05:26"
"https://thefalcontour.com/assets/images/sri-lanka/2.jpg","image/jpeg","200","OK","Indexable","","","0","0","","0","0","","0","","0","","0","","0","","","","","","","","","","398431","398431","398431","59.047","","0","","","","","0.000","1","3","","0","0","0","0.000","0","0","0","0","0","0","","","","","","0.040","Thu, 30 Jul 2026 18:03:29 GMT","","","","","1.1","","","","","","https://thefalcontour.com/assets/images/sri-lanka/2.jpg","2026-07-31 12:05:26"
"https://thefalcontour.com/assets/images/japan/japan-itinerary.jpg","image/jpeg","200","OK","Indexable","","","0","0","","0","0","","0","","0","","0","","0","","","","","","","","","","67299","67299","67299","9.974","","0","","","","","0.000","1","3","","0","0","0","0.000","0","0","0","0","0","0","","","","","","0.033","Thu, 30 Jul 2026 18:03:49 GMT","","","","","1.1","","","","","","https://thefalcontour.com/assets/images/japan/japan-itinerary.jpg","2026-07-31 12:05:26"
"https://thefalcontour.com/assets/css/journal.css","text/css","200","OK","Indexable","","","0","0","","0","0","","0","","0","","0","","0","","","","","","","","","","12473","12473","12473","1.848","","0","","","","","0.000","1","2","","0","0","0","0.000","0","0","0","0","0","0","","","","","","0.028","Thu, 30 Jul 2026 18:04:18 GMT","","","","","1.1","","","","","","https://thefalcontour.com/assets/css/journal.css","2026-07-31 12:05:26"
"https://thefalcontour.com/blogs/index.html?region=americas","text/html","200","OK","Non-Indexable","Canonicalised","Travel Blog | Europe, Japan, Australia, USA | The Falcon Tour","61","533","100+ in-depth travel guides — from visa tips and itineraries to city guides for Amsterdam, Paris, Rome, Barcelona, Prague and more.","131","809","Europe travel blog, Europe travel guides, Europe itinerary, Europe visa, European cities","88","Notes from the road, not the brochure.","38","🇯🇵 Japan 20 guides","20","🇦🇺 Australia 20 guides","24","index, follow, max-image-preview:large, max-snippet:-1","","","https://thefalcontour.com/blogs/","","","","","","108425","17748","17748","2.630","","3491","592","5.897","71.975","Fairly Easy","20.616","1","1","","181","181","0","81.530","137","127","0","7","3","0","","","","","d0d0d7ed243ff84cf8adee19f3338a3f","0.087","Thu, 30 Jul 2026 18:04:33 GMT","","","","en","1.1","","","","","","https://thefalcontour.com/blogs/index.html?region=americas","2026-07-31 12:05:26"
"https://thefalcontour.com/packages/index.html?category=hills","text/html","200","OK","Non-Indexable","Canonicalised","Premium Tour Packages | The Falcon Tour","39","377","Explore our hand-planned premium travel packages across Europe, Japan, New Zealand, Australia, and the USA. Eleven curated itineraries by The Falcon Tour.","154","977","tour packages, premium travel, europe tour, japan cherry blossom, new zealand adventure, swiss paris holiday","108","Thirty-two premium journeys, meticulously planned.","50","🇪🇺 Europe & Switzerland","25","❄️ Scandinavia & Iceland","24","index, follow, max-image-preview:large, max-snippet:-1","","","https://thefalcontour.com/packages/","","","","","","103084","14616","14616","2.166","","2575","654","3.937","84.629","Easy","15.267","1","1","","3","3","0","1.350","84","74","0","1","1","0","","","","","b4530940a6cabce240ec0e6db41c05e7","0.086","Thu, 30 Jul 2026 18:06:09 GMT","","","","en","1.1","","","","","","https://thefalcontour.com/packages/index.html?category=hills","2026-07-31 12:05:26"
"https://thefalcontour.com/assets/images/activities/roller-coaster-1541439-600x810.jpg","image/jpeg","200","OK","Indexable","","","0","0","","0","0","","0","","0","","0","","0","","","","","","","","","","86443","86443","86443","12.811","","0","","","","","0.000","1","3","","0","0","0","0.000","0","0","0","0","0","0","","","","","","0.154","Thu, 30 Jul 2026 18:04:17 GMT","","","","","1.1","","","","","","https://thefalcontour.com/assets/images/activities/roller-coaster-1541439-600x810.jpg","2026-07-31 12:05:26"
"https://thefalcontour.com/packages/package-thailand-essentials.html","text/html","200","OK","Indexable","","Discover Thailand | Beaches, Temples & City Lights | The Falcon Tour","68","609","Discover Thailand package: Pattaya & Bangkok, Coral Island Tour, Alcazar Show, city & temple tour. Duration: 4 Nights / 5 Days, starting ₹18,999 per person.","156","964","travel package, itinerary, tour, flight, thailand","49","Discover Thailand | Beaches, Temples & City Lights","50","Day-by-Day Itinerary","20","Gallery of Highlights","21","index, follow","","","https://thefalcontour.com/packages/package-thailand-essentials.html","","","","","","16970","4326","4326","0.641","","339","75","4.520","76.720","Fairly Easy","14.917","1","1","","9","9","0","4.050","18","5","0","5","4","0","","","","","9c52d0e03b3a9d3b35702e83f7b6498d","0.047","Thu, 30 Jul 2026 18:06:12 GMT","","","","en","1.1","","","","","","https://thefalcontour.com/packages/package-thailand-essentials.html","2026-07-31 12:05:27"
"https://thefalcontour.com/assets/images/dubai/2.jpg","image/jpeg","200","OK","Indexable","","","0","0","","0","0","","0","","0","","0","","0","","","","","","","","","","543388","543388","543388","80.530","","0","","","","","0.000","1","3","","0","0","0","0.000","0","0","0","0","0","0","","","","","","0.032","Thu, 30 Jul 2026 18:03:54 GMT","","","","","1.1","","","","","","https://thefalcontour.com/assets/images/dubai/2.jpg","2026-07-31 12:05:27"
"https://thefalcontour.com/activities/index.html","text/html","200","OK","Non-Indexable","Canonicalised","All Activities | The Falcon Tour","32","268","Browse every bookable adventure activity from The Falcon Tour, including desert safaris, scuba diving, ATV rides and skyline luge experiences worldwide.","152","949","adventure activities, tour add-ons, book activities online","58","Pick the thrill, we'll fit the trip.","36","","0","","0","index, follow, max-image-preview:large, max-snippet:-1","","","https://thefalcontour.com/activities/","","","","","","14161","3876","3876","0.574","","109","26","4.192","95.472","Very Easy","9.451","1","1","","674","222","0","100.000","35","26","0","4","3","0","","","","","147609e581f878156bf8979ae19bf731","0.027","Thu, 30 Jul 2026 18:02:45 GMT","","","","en","1.1","","","","","","https://thefalcontour.com/activities/index.html","2026-07-31 12:05:27"
"https://thefalcontour.com/assets/images/europe/3.jpg","image/jpeg","200","OK","Indexable","","","0","0","","0","0","","0","","0","","0","","0","","","","","","","","","","336781","336781","336781","49.911","","0","","","","","0.000","1","3","","0","0","0","0.000","0","0","0","0","0","0","","","","","","0.096","Thu, 30 Jul 2026 18:03:51 GMT","","","","","1.1","","","","","","https://thefalcontour.com/assets/images/europe/3.jpg","2026-07-31 12:05:27"
"https://thefalcontour.com/assets/images/new-zealand/queenstown-guide.jpg","image/jpeg","200","OK","Indexable","","","0","0","","0","0","","0","","0","","0","","0","","","","","","","","","","444200","444200","444200","65.830","","0","","","","","0.000","1","3","","0","0","0","0.000","0","0","0","0","0","0","","","","","","0.038","Thu, 30 Jul 2026 18:03:38 GMT","","","","","1.1","","","","","","https://thefalcontour.com/assets/images/new-zealand/queenstown-guide.jpg","2026-07-31 12:05:27"
"https://thefalcontour.com/assets/images/activities/diver-9328628-600x810.jpg","image/jpeg","200","OK","Indexable","","","0","0","","0","0","","0","","0","","0","","0","","","","","","","","","","108717","108717","108717","16.112","","0","","","","","0.000","1","3","","0","0","0","0.000","0","0","0","0","0","0","","","","","","0.110","Thu, 30 Jul 2026 18:04:17 GMT","","","","","1.1","","","","","","https://thefalcontour.com/assets/images/activities/diver-9328628-600x810.jpg","2026-07-31 12:05:27"
"https://thefalcontour.com/packages/package-grand-european-odyssey.html","text/html","200","OK","Indexable","","Grand European Odyssey | Italy to Amsterdam | The Falcon Tour","61","563","Hand-planned journey: Rome · Venice · Lucerne · Zurich · Paris · Amsterdam. Duration: 13 Days / 12 Nights.","106","660","travel package, itinerary, tour, flight, europe","47","Grand European Odyssey | Italy to Amsterdam","43","Day-by-Day Itinerary","20","Gallery of Highlights","21","index, follow","","","https://thefalcontour.com/packages/package-grand-european-odyssey.html","","","","","","43335","10596","10596","1.570","","2417","391","6.182","75.008","Fairly Easy","35.396","1","1","","9","9","0","4.050","33","19","0","6","4","0","","","","","7e53e54a79f547cad66a125b43cbbc33","0.099","Thu, 30 Jul 2026 18:06:10 GMT","","","","en","1.1","","","","","","https://thefalcontour.com/packages/package-grand-european-odyssey.html","2026-07-31 12:05:27"
"https://thefalcontour.com/activities/activity-cable-car-ride.html","text/html","200","OK","Indexable","","Singapore Cable Car Ride — Book Adventure Activities | The Falcon Tour","70","636","Ride the Singapore Cable Car with The Falcon Tour and enjoy skyline views over Sentosa and the harbour, bookable as a standalone activity.","138","866","singapore cable car, sentosa activity, skyline views","52","Singapore Cable Car Ride","24","Frequently Asked","16","Other activities worth adding.","30","index, follow, max-image-preview:large, max-snippet:-1","","","https://thefalcontour.com/activities/activity-cable-car-ride.html","","","","","","13941","4309","4309","0.639","","197","40","4.925","64.415","Normal","14.110","1","1","","8","8","0","3.600","34","21","0","4","3","0","","","","","e18f298433e17b4493e63c01f9f9f7e2","0.095","Thu, 30 Jul 2026 18:02:45 GMT","","","","en","1.1","","","","","","https://thefalcontour.com/activities/activity-cable-car-ride.html","2026-07-31 12:05:27"
"https://thefalcontour.com/assets/images/europe/1.jpg","image/jpeg","200","OK","Indexable","","","0","0","","0","0","","0","","0","","0","","0","","","","","","","","","","533830","533830","533830","79.114","","0","","","","","0.000","1","3","","0","0","0","0.000","0","0","0","0","0","0","","","","","","0.029","Thu, 30 Jul 2026 18:03:51 GMT","","","","","1.1","","","","","","https://thefalcontour.com/assets/images/europe/1.jpg","2026-07-31 12:05:27"
"https://thefalcontour.com/assets/images/sri-lanka/4.jpg","image/jpeg","200","OK","Indexable","","","0","0","","0","0","","0","","0","","0","","0","","","","","","","","","","593940","593940","593940","88.022","","0","","","","","0.000","1","3","","0","0","0","0.000","0","0","0","0","0","0","","","","","","0.033","Thu, 30 Jul 2026 18:03:30 GMT","","","","","1.1","","","","","","https://thefalcontour.com/assets/images/sri-lanka/4.jpg","2026-07-31 12:05:27"
"https://thefalcontour.com/packages/index.html","text/html","200","OK","Non-Indexable","Canonicalised","Premium Tour Packages | The Falcon Tour","39","377","Explore our hand-planned premium travel packages across Europe, Japan, New Zealand, Australia, and the USA. Eleven curated itineraries by The Falcon Tour.","154","977","tour packages, premium travel, europe tour, japan cherry blossom, new zealand adventure, swiss paris holiday","108","Thirty-two premium journeys, meticulously planned.","50","🇪🇺 Europe & Switzerland","25","❄️ Scandinavia & Iceland","24","index, follow, max-image-preview:large, max-snippet:-1","","","https://thefalcontour.com/packages/","","","","","","103084","14616","14616","2.166","","2575","654","3.937","84.629","Easy","15.267","1","1","","682","222","0","100.000","84","74","0","1","1","0","","","","","b4530940a6cabce240ec0e6db41c05e7","0.102","Thu, 30 Jul 2026 18:06:09 GMT","","","","en","1.1","","","","","","https://thefalcontour.com/packages/index.html","2026-07-31 12:05:27"
"https://thefalcontour.com/blogs/index.html?region=asia","text/html","200","OK","Non-Indexable","Canonicalised","Travel Blog | Europe, Japan, Australia, USA | The Falcon Tour","61","533","100+ in-depth travel guides — from visa tips and itineraries to city guides for Amsterdam, Paris, Rome, Barcelona, Prague and more.","131","809","Europe travel blog, Europe travel guides, Europe itinerary, Europe visa, European cities","88","Notes from the road, not the brochure.","38","🇯🇵 Japan 20 guides","20","🇦🇺 Australia 20 guides","24","index, follow, max-image-preview:large, max-snippet:-1","","","https://thefalcontour.com/blogs/","","","","","","108425","17748","17748","2.630","","3491","592","5.897","71.975","Fairly Easy","20.616","1","1","","181","181","0","81.530","137","127","0","7","3","0","","","","","d0d0d7ed243ff84cf8adee19f3338a3f","0.086","Thu, 30 Jul 2026 18:04:33 GMT","","","","en","1.1","","","","","","https://thefalcontour.com/blogs/index.html?region=asia","2026-07-31 12:05:27"
"https://thefalcontour.com/assets/images/vietnam/2.jpg","image/jpeg","200","OK","Indexable","","","0","0","","0","0","","0","","0","","0","","0","","","","","","","","","","5618832","5618832","5618832","832.711","","0","","","","","0.000","1","3","","0","0","0","0.000","0","0","0","0","0","0","","","","","","0.096","Thu, 30 Jul 2026 18:03:20 GMT","","","","","1.1","","","","","","https://thefalcontour.com/assets/images/vietnam/2.jpg","2026-07-31 12:05:27"
"https://thefalcontour.com/assets/images/almaty/3.jpg","image/jpeg","200","OK","Indexable","","","0","0","","0","0","","0","","0","","0","","0","","","","","","","","","","590828","590828","590828","87.561","","0","","","","","0.000","1","3","","0","0","0","0.000","0","0","0","0","0","0","","","","","","0.094","Thu, 30 Jul 2026 18:04:15 GMT","","","","","1.1","","","","","","https://thefalcontour.com/assets/images/almaty/3.jpg","2026-07-31 12:05:27"
"https://thefalcontour.com/packages/package-discover-dubai.html","text/html","200","OK","Indexable","","Discover Dubai | The City of Gold | The Falcon Tour","51","447","Hand-planned Discover Dubai package: Dubai City Tour, Desert Safari, Burj Khalifa, Marina Dhow Cruise. Duration: 5 Days / 4 Nights.","131","815","travel package, itinerary, tour, flight, dubai","46","Discover Dubai | The City of Gold","33","Day-by-Day Itinerary","20","Gallery of Highlights","21","index, follow","","","https://thefalcontour.com/packages/package-discover-dubai.html","","","","","","23413","6408","6408","0.950","","389","80","4.862","74.891","Fairly Easy","13.597","1","1","","12","9","0","4.050","33","19","0","6","4","0","","","","","d4f34fdb48bb96356c5fa8d5c40ed7e4","0.035","Thu, 30 Jul 2026 18:06:10 GMT","","","","en","1.1","","","","","","https://thefalcontour.com/packages/package-discover-dubai.html","2026-07-31 12:05:27"
"https://thefalcontour.com/assets/css/home.css","text/css","200","OK","Indexable","","","0","0","","0","0","","0","","0","","0","","0","","","","","","","","","","4935","4935","4935","0.731","","0","","","","","0.000","1","2","","0","0","0","0.000","0","0","0","0","0","0","","","","","","0.087","Thu, 30 Jul 2026 18:04:17 GMT","","","","","1.1","","","","","","https://thefalcontour.com/assets/css/home.css","2026-07-31 12:05:27"
"https://thefalcontour.com/packages/package-kerala-highlights.html","text/html","200","OK","Indexable","","Kerala Highlights | Munnar, Thekkady, Alleppey & Kochi | The Falcon Tour","72","643","Kerala Highlights package: Munnar, Thekkady, Alleppey Houseboat & Fort Kochi. Duration: 5 Nights / 6 Days, starting ₹29,999 per person.","135","850","travel package, itinerary, tour, flight, kerala","47","Kerala Highlights | Munnar, Thekkady, Alleppey & Kochi","54","Day-by-Day Itinerary","20","Gallery of Highlights","21","index, follow","","","https://thefalcontour.com/packages/package-kerala-highlights.html","","","","","","16746","4227","4227","0.626","","308","76","4.053","70.603","Fairly Easy","14.436","1","1","","9","9","0","4.050","18","5","0","5","4","0","","","","","ecbb8f7cee39e112c8b691f3f20b9db9","0.090","Thu, 30 Jul 2026 18:06:11 GMT","","","","en","1.1","","","","","","https://thefalcontour.com/packages/package-kerala-highlights.html","2026-07-31 12:05:27"
"https://thefalcontour.com/assets/images/kerala/4.jpg","image/jpeg","200","OK","Indexable","","","0","0","","0","0","","0","","0","","0","","0","","","","","","","","","","2037463","2037463","2037463","301.952","","0","","","","","0.000","1","3","","0","0","0","0.000","0","0","0","0","0","0","","","","","","0.101","Thu, 30 Jul 2026 18:03:46 GMT","","","","","1.1","","","","","","https://thefalcontour.com/assets/images/kerala/4.jpg","2026-07-31 12:05:27"
"https://thefalcontour.com/assets/images/usa/new-york-guide.jpg","image/jpeg","200","OK","Indexable","","","0","0","","0","0","","0","","0","","0","","0","","","","","","","","","","29576","29576","29576","4.383","","0","","","","","0.000","1","3","","0","0","0","0.000","0","0","0","0","0","0","","","","","","0.029","Thu, 30 Jul 2026 18:03:19 GMT","","","","","1.1","","","","","","https://thefalcontour.com/assets/images/usa/new-york-guide.jpg","2026-07-31 12:05:27"
"https://thefalcontour.com/blogs/index.html?region=oceania","text/html","200","OK","Non-Indexable","Canonicalised","Travel Blog | Europe, Japan, Australia, USA | The Falcon Tour","61","533","100+ in-depth travel guides — from visa tips and itineraries to city guides for Amsterdam, Paris, Rome, Barcelona, Prague and more.","131","809","Europe travel blog, Europe travel guides, Europe itinerary, Europe visa, European cities","88","Notes from the road, not the brochure.","38","🇯🇵 Japan 20 guides","20","🇦🇺 Australia 20 guides","24","index, follow, max-image-preview:large, max-snippet:-1","","","https://thefalcontour.com/blogs/","","","","","","108425","17748","17748","2.630","","3491","592","5.897","71.975","Fairly Easy","20.616","1","1","","181","181","0","81.530","137","127","0","7","3","0","","","","","d0d0d7ed243ff84cf8adee19f3338a3f","0.089","Thu, 30 Jul 2026 18:04:33 GMT","","","","en","1.1","","","","","","https://thefalcontour.com/blogs/index.html?region=oceania","2026-07-31 12:05:27"
"https://thefalcontour.com/packages/package-singapore-highlights.html","text/html","200","OK","Indexable","","Singapore Highlights | Best Value Escape | The Falcon Tour","58","521","Hand-planned journey: Singapore City Tour · Sentosa Island · Universal Studios. Duration: 4 Days / 3 Nights.","108","665","travel package, itinerary, tour, flight, southeast-asia","55","Singapore Highlights | Best Value Escape","40","Day-by-Day Itinerary","20","Gallery of Highlights","21","index, follow","","","https://thefalcontour.com/packages/package-singapore-highlights.html","","","","","","28678","7113","7113","1.054","","657","127","5.173","61.614","Normal","17.791","1","1","","9","9","0","4.050","33","19","0","6","4","0","","","","","6742730348331e33dbb7b5fd513d7785","0.030","Thu, 30 Jul 2026 18:06:11 GMT","","","","en","1.1","","","","","","https://thefalcontour.com/packages/package-singapore-highlights.html","2026-07-31 12:05:27"
"https://thefalcontour.com/assets/images/kerala/2.jpg","image/jpeg","200","OK","Indexable","","","0","0","","0","0","","0","","0","","0","","0","","","","","","","","","","6206573","6206573","6206573","919.814","","0","","","","","0.000","1","3","","0","0","0","0.000","0","0","0","0","0","0","","","","","","0.101","Thu, 30 Jul 2026 18:03:49 GMT","","","","","1.1","","","","","","https://thefalcontour.com/assets/images/kerala/2.jpg","2026-07-31 12:05:27"
"https://thefalcontour.com/assets/css/package-detail.css","text/css","200","OK","Indexable","","","0","0","","0","0","","0","","0","","0","","0","","","","","","","","","","3500","3500","3500","0.519","","0","","","","","0.000","2","2","","0","0","0","0.000","0","0","0","0","0","0","","","","","","0.029","Thu, 30 Jul 2026 18:04:18 GMT","","","","","1.1","","","","","","https://thefalcontour.com/assets/css/package-detail.css","2026-07-31 12:05:27"
"https://thefalcontour.com/assets/images/usa/las-vegas-guide.jpg","image/jpeg","200","OK","Indexable","","","0","0","","0","0","","0","","0","","0","","0","","","","","","","","","","19890","19890","19890","2.948","","0","","","","","0.000","2","3","","0","0","0","0.000","0","0","0","0","0","0","","","","","","0.121","Thu, 30 Jul 2026 18:03:17 GMT","","","","","1.1","","","","","","https://thefalcontour.com/assets/images/usa/las-vegas-guide.jpg","2026-07-31 12:05:27"
"https://thefalcontour.com/assets/images/usa/orlando-guide.jpg","image/jpeg","200","OK","Indexable","","","0","0","","0","0","","0","","0","","0","","0","","","","","","","","","","45574","45574","45574","6.754","","0","","","","","0.000","2","3","","0","0","0","0.000","0","0","0","0","0","0","","","","","","0.097","Thu, 30 Jul 2026 18:03:19 GMT","","","","","1.1","","","","","","https://thefalcontour.com/assets/images/usa/orlando-guide.jpg","2026-07-31 12:05:27"
"https://thefalcontour.com/assets/js/motion/package-detail.js","application/x-javascript","200","OK","Indexable","","","0","0","","0","0","","0","","0","","0","","0","","","","","","","","","","2286","2286","2286","0.339","","0","","","","","0.000","2","3","","0","0","0","0.000","0","0","0","0","0","0","","","","","","0.087","Thu, 30 Jul 2026 18:03:04 GMT","","","","","1.1","","","","","","https://thefalcontour.com/assets/js/motion/package-detail.js","2026-07-31 12:05:27"
"https://thefalcontour.com/index.html","text/html","200","OK","Non-Indexable","Canonicalised","The Falcon Tour - Adventure Travel, Curated From the Himalayas","62","571","The Falcon Tour designs curated adventure and leisure travel packages across Dubai, Sri Lanka, Europe, Singapore, Azerbaijan and more, hand-planned from the basecamp.","166","1061","adventure travel agency, curated tour packages, holiday planner","63","Where the falcon flies, you follow.","35","Featured Expeditions","20","The Falcon Collection","21","index, follow, max-image-preview:large, max-snippet:-1","","","https://thefalcontour.com/","","","","","","211393","40873","40873","6.057","","4349","1052","4.134","73.551","Fairly Easy","13.170","2","0","","1464","220","0","99.100","129","98","0","9","4","0","","","","","69316d1efd9da8b6250ad55425e55298","0.145","Thu, 30 Jul 2026 18:07:14 GMT","","","","en","1.1","","","","","","https://thefalcontour.com/index.html","2026-07-31 12:05:27"
"https://thefalcontour.com/assets/images/usa/washington-dc-guide.jpg","image/jpeg","200","OK","Indexable","","","0","0","","0","0","","0","","0","","0","","0","","","","","","","","","","43831","43831","43831","6.496","","0","","","","","0.000","2","3","","0","0","0","0.000","0","0","0","0","0","0","","","","","","0.026","Thu, 30 Jul 2026 18:03:20 GMT","","","","","1.1","","","","","","https://thefalcontour.com/assets/images/usa/washington-dc-guide.jpg","2026-07-31 12:05:27"
"https://thefalcontour.com/packages/trip-honeymoon-packages.html","text/html","200","OK","Indexable","","Honeymoon Packages | The Falcon Tour","36","358","Browse The Falcon Tour's Honeymoon Packages, romantic curated itineraries for couples across our most scenic destinations.","122","789","honeymoon packages, romantic holiday itinerary, couples travel package","70","Honeymoon Packages","18","Not sure which package fits?","28","","0","index, follow, max-image-preview:large, max-snippet:-1","","","https://thefalcontour.com/packages/trip-honeymoon-packages.html","","","","","","12648","3719","3719","0.551","","126","29","4.345","79.554","Fairly Easy","11.784","2","1","","27","27","0","12.160","31","20","0","4","3","0","","","","","4cb8efdd7e3c951bc1db430bdb3ce4b0","0.120","Thu, 30 Jul 2026 18:06:12 GMT","","","","en","1.1","","","","","","https://thefalcontour.com/packages/trip-honeymoon-packages.html","2026-07-31 12:05:27"
"https://thefalcontour.com/packages/trip-luxury-holidays.html","text/html","200","OK","Indexable","","Luxury Holidays | The Falcon Tour","33","299","Discover The Falcon Tour's Luxury Holidays, premium stays and private experiences curated for travellers who want more.","119","754","luxury holiday packages, premium travel itinerary, private tour experience","74","Luxury Holidays","15","Not sure which package fits?","28","","0","index, follow, max-image-preview:large, max-snippet:-1","","","https://thefalcontour.com/packages/trip-luxury-holidays.html","","","","","","12572","3712","3712","0.550","","123","29","4.241","73.910","Fairly Easy","11.730","2","1","","27","27","0","12.160","31","20","0","4","3","0","","","","","e5f03a2265b69811e988fd76333c1177","0.129","Thu, 30 Jul 2026 18:06:12 GMT","","","","en","1.1","","","","","","https://thefalcontour.com/packages/trip-luxury-holidays.html","2026-07-31 12:05:27"
"https://thefalcontour.com/packages/trip-family-packages.html","text/html","200","OK","Indexable","","Family Packages | The Falcon Tour","33","308","Explore The Falcon Tour's Family Packages, designed for travellers of every age with kid-friendly stays and easy-going itineraries.","131","797","family holiday packages, kid friendly tours, family vacation planner","68","Family Packages","15","Not sure which package fits?","28","","0","index, follow, max-image-preview:large, max-snippet:-1","","","https://thefalcontour.com/packages/trip-family-packages.html","","","","","","12679","3757","3757","0.557","","134","31","4.323","72.391","Fairly Easy","12.010","2","1","","27","27","0","12.160","31","20","0","4","3","0","","","","","ada012facd8ffcc98a8876a0bcb475fe","0.126","Thu, 30 Jul 2026 18:06:12 GMT","","","","en","1.1","","","","","","https://thefalcontour.com/packages/trip-family-packages.html","2026-07-31 12:05:27"
"https://thefalcontour.com/packages/trip-adventure-tour.html","text/html","200","OK","Indexable","","Adventure Tour | The Falcon Tour","32","297","Discover The Falcon Tour's Adventure Tour packages built for thrill-seekers, combining trekking, safaris and adrenaline activities.","131","799","adventure tour packages, adrenaline holidays, trekking safari trip","66","Adventure Tour","14","Not sure which package fits?","28","","0","index, follow, max-image-preview:large, max-snippet:-1","","","https://thefalcontour.com/packages/trip-adventure-tour.html","","","","","","12804","3786","3786","0.561","","141","31","4.548","79.218","Fairly Easy","12.245","2","1","","27","27","0","12.160","31","20","0","4","3","0","","","","","119b08720e59f740ff4e3a2b4500cfc5","0.041","Thu, 30 Jul 2026 18:06:12 GMT","","","","en","1.1","","","","","","https://thefalcontour.com/packages/trip-adventure-tour.html","2026-07-31 12:05:28"
"https://thefalcontour.com/packages/trip-weekend-trips.html","text/html","200","OK","Indexable","","Weekend Trips | The Falcon Tour","31","291","Plan a quick escape with The Falcon Tour's Weekend Trips, short curated getaways perfect for a fast recharge.","109","685","weekend trip packages, short getaway holiday, quick escape itinerary","68","Weekend Trips","13","Not sure which package fits?","28","","0","index, follow, max-image-preview:large, max-snippet:-1","","","https://thefalcontour.com/packages/trip-weekend-trips.html","","","","","","12525","3722","3722","0.552","","124","30","4.133","81.198","Easy","11.662","2","1","","27","27","0","12.160","31","20","0","4","3","0","","","","","8612006b60a3dccc3fd76992cf444e","0.026","Thu, 30 Jul 2026 18:06:12 GMT","","","","en","1.1","","","","","","https://thefalcontour.com/packages/trip-weekend-trips.html","2026-07-31 12:05:28"
"https://thefalcontour.com/assets/js/related.js","application/x-javascript","200","OK","Indexable","","","0","0","","0","0","","0","","0","","0","","0","","","","","","","","","","1857","1857","1857","0.275","","0","","","","","0.000","2","2","","0","0","0","0.000","0","0","0","0","0","0","","","","","","0.028","Thu, 30 Jul 2026 18:03:03 GMT","","","","","1.1","","","","","","https://thefalcontour.com/assets/js/related.js","2026-07-31 12:05:28"
"https://thefalcontour.com/assets/js/motion/chrome-fx.js","application/x-javascript","200","OK","Indexable","","","0","0","","0","0","","0","","0","","0","","0","","","","","","","","","","1171","1171","1171","0.174","","0","","","","","0.000","2","3","","0","0","0","0.000","0","0","0","0","0","0","","","","","","0.033","Thu, 30 Jul 2026 18:03:03 GMT","","","","","1.1","","","","","","https://thefalcontour.com/assets/js/motion/chrome-fx.js","2026-07-31 12:05:28"
"https://thefalcontour.com/assets/js/motion/reveal-tilt.js","application/x-javascript","200","OK","Indexable","","","0","0","","0","0","","0","","0","","0","","0","","","","","","","","","","1637","1637","1637","0.243","","0","","","","","0.000","2","3","","0","0","0","0.000","0","0","0","0","0","0","","","","","","0.030","Thu, 30 Jul 2026 18:03:04 GMT","","","","","1.1","","","","","","https://thefalcontour.com/assets/js/motion/reveal-tilt.js","2026-07-31 12:05:28"
"https://thefalcontour.com/assets/images/usa/san-francisco-guide.jpg","image/jpeg","200","OK","Indexable","","","0","0","","0","0","","0","","0","","0","","0","","","","","","","","","","76924","76924","76924","11.400","","0","","","","","0.000","2","3","","0","0","0","0.000","0","0","0","0","0","0","","","","","","0.082","Thu, 30 Jul 2026 18:03:19 GMT","","","","","1.1","","","","","","https://thefalcontour.com/assets/images/usa/san-francisco-guide.jpg","2026-07-31 12:05:28"
"https://thefalcontour.com/assets/images/usa/los-angeles-guide.jpg","image/jpeg","200","OK","Indexable","","","0","0","","0","0","","0","","0","","0","","0","","","","","","","","","","28220","28220","28220","4.182","","0","","","","","0.000","2","3","","0","0","0","0.000","0","0","0","0","0","0","","","","","","0.087","Thu, 30 Jul 2026 18:03:18 GMT","","","","","1.1","","","","","","https://thefalcontour.com/assets/images/usa/los-angeles-guide.jpg","2026-07-31 12:05:28"
"https://thefalcontour.com/assets/images/turkey/3.jpg","image/jpeg","200","OK","Indexable","","","0","0","","0","0","","0","","0","","0","","0","","","","","","","","","","690800","690800","690800","102.377","","0","","","","","0.000","2","3","","0","0","0","0.000","0","0","0","0","0","0","","","","","","0.088","Thu, 30 Jul 2026 18:03:21 GMT","","","","","1.1","","","","","","https://thefalcontour.com/assets/images/turkey/3.jpg","2026-07-31 12:05:28"
"https://thefalcontour.com/assets/images/turkey/4.jpg","image/jpeg","200","OK","Indexable","","","0","0","","0","0","","0","","0","","0","","0","","","","","","","","","","237026","237026","237026","35.127","","0","","","","","0.000","2","3","","0","0","0","0.000","0","0","0","0","0","0","","","","","","0.092","Thu, 30 Jul 2026 18:03:21 GMT","","","","","1.1","","","","","","https://thefalcontour.com/assets/images/turkey/4.jpg","2026-07-31 12:05:28"
"https://thefalcontour.com/assets/images/turkey/2.jpg","image/jpeg","200","OK","Indexable","","","0","0","","0","0","","0","","0","","0","","0","","","","","","","","","","432170","432170","432170","64.048","","0","","","","","0.000","2","3","","0","0","0","0.000","0","0","0","0","0","0","","","","","","0.090","Thu, 30 Jul 2026 18:03:21 GMT","","","","","1.1","","","","","","https://thefalcontour.com/assets/images/turkey/2.jpg","2026-07-31 12:05:28"
"https://thefalcontour.com/assets/images/new-zealand/adventure-activities.jpg","image/jpeg","200","OK","Indexable","","","0","0","","0","0","","0","","0","","0","","0","","","","","","","","","","544730","544730","544730","80.729","","0","","","","","0.000","2","3","","0","0","0","0.000","0","0","0","0","0","0","","","","","","0.110","Thu, 30 Jul 2026 18:03:37 GMT","","","","","1.1","","","","","","https://thefalcontour.com/assets/images/new-zealand/adventure-activities.jpg","2026-07-31 12:05:28"
"https://thefalcontour.com/assets/images/new-zealand/new-zealand-travel-guide.jpg","image/jpeg","200","OK","Indexable","","","0","0","","0","0","","0","","0","","0","","0","","","","","","","","","","53508","53508","53508","7.930","","0","","","","","0.000","2","3","","0","0","0","0.000","0","0","0","0","0","0","","","","","","0.107","Thu, 30 Jul 2026 18:03:37 GMT","","","","","1.1","","","","","","https://thefalcontour.com/assets/images/new-zealand/new-zealand-travel-guide.jpg","2026-07-31 12:05:28"
"https://thefalcontour.com/assets/images/new-zealand/milford-sound-guide.jpg","image/jpeg","200","OK","Indexable","","","0","0","","0","0","","0","","0","","0","","0","","","","","","","","","","43649","43649","43649","6.469","","0","","","","","0.000","2","3","","0","0","0","0.000","0","0","0","0","0","0","","","","","","0.129","Thu, 30 Jul 2026 18:03:37 GMT","","","","","1.1","","","","","","https://thefalcontour.com/assets/images/new-zealand/milford-sound-guide.jpg","2026-07-31 12:05:28"
"https://thefalcontour.com/assets/images/australia/great-barrier-reef.jpg","image/jpeg","200","OK","Indexable","","","0","0","","0","0","","0","","0","","0","","0","","","","","","","","","","43311","43311","43311","6.419","","0","","","","","0.000","2","3","","0","0","0","0.000","0","0","0","0","0","0","","","","","","0.085","Thu, 30 Jul 2026 18:04:12 GMT","","","","","1.1","","","","","","https://thefalcontour.com/assets/images/australia/great-barrier-reef.jpg","2026-07-31 12:05:28"
"https://thefalcontour.com/assets/images/australia/gold-coast-guide.jpg","image/jpeg","200","OK","Indexable","","","0","0","","0","0","","0","","0","","0","","0","","","","","","","","","","34167","34167","34167","5.064","","0","","","","","0.000","2","3","","0","0","0","0.000","0","0","0","0","0","0","","","","","","0.083","Thu, 30 Jul 2026 18:04:12 GMT","","","","","1.1","","","","","","https://thefalcontour.com/assets/images/australia/gold-coast-guide.jpg","2026-07-31 12:05:28"
"https://thefalcontour.com/assets/images/japan/kyoto-guide.jpg","image/jpeg","200","OK","Indexable","","","0","0","","0","0","","0","","0","","0","","0","","","","","","","","","","39342","39342","39342","5.830","","0","","","","","0.000","2","3","","0","0","0","0.000","0","0","0","0","0","0","","","","","","0.112","Thu, 30 Jul 2026 18:03:50 GMT","","","","","1.1","","","","","","https://thefalcontour.com/assets/images/japan/kyoto-guide.jpg","2026-07-31 12:05:28"
"https://thefalcontour.com/assets/images/japan/tokyo-guide.jpg","image/jpeg","200","OK","Indexable","","","0","0","","0","0","","0","","0","","0","","0","","","","","","","","","","60073","60073","60073","8.903","","0","","","","","0.000","2","3","","0","0","0","0.000","0","0","0","0","0","0","","","","","","0.134","Thu, 30 Jul 2026 18:03:50 GMT","","","","","1.1","","","","","","https://thefalcontour.com/assets/images/japan/tokyo-guide.jpg","2026-07-31 12:05:28"
"https://thefalcontour.com/assets/images/japan/nara-guide.jpg","image/jpeg","200","OK","Indexable","","","0","0","","0","0","","0","","0","","0","","0","","","","","","","","","","72659","72659","72659","10.768","","0","","","","","0.000","2","3","","0","0","0","0.000","0","0","0","0","0","0","","","","","","0.278","Thu, 30 Jul 2026 18:03:50 GMT","","","","","1.1","","","","","","https://thefalcontour.com/assets/images/japan/nara-guide.jpg","2026-07-31 12:05:28"
"https://thefalcontour.com/assets/images/japan/osaka-guide.jpg","image/jpeg","200","OK","Indexable","","","0","0","","0","0","","0","","0","","0","","0","","","","","","","","","","81884","81884","81884","12.135","","0","","","","","0.000","2","3","","0","0","0","0.000","0","0","0","0","0","0","","","","","","0.262","Thu, 30 Jul 2026 18:03:50 GMT","","","","","1.1","","","","","","https://thefalcontour.com/assets/images/japan/osaka-guide.jpg","2026-07-31 12:05:28"
"https://thefalcontour.com/assets/images/thailand/5.jpg","image/jpeg","200","OK","Indexable","","","0","0","","0","0","","0","","0","","0","","0","","","","","","","","","","4442907","4442907","4442907","658.439","","0","","","","","0.000","2","3","","0","0","0","0.000","0","0","0","0","0","0","","","","","","0.102","Thu, 30 Jul 2026 18:03:32 GMT","","","","","1.1","","","","","","https://thefalcontour.com/assets/images/thailand/5.jpg","2026-07-31 12:05:29"
"https://thefalcontour.com/assets/images/new-zealand/4.jpg","image/jpeg","200","OK","Indexable","","","0","0","","0","0","","0","","0","","0","","0","","","","","","","","","","495877","495877","495877","73.489","","0","","","","","0.000","2","3","","0","0","0","0.000","0","0","0","0","0","0","","","","","","0.101","Thu, 30 Jul 2026 18:03:37 GMT","","","","","1.1","","","","","","https://thefalcontour.com/assets/images/new-zealand/4.jpg","2026-07-31 12:05:29"
"https://thefalcontour.com/assets/images/new-zealand/2.jpg","image/jpeg","200","OK","Indexable","","","0","0","","0","0","","0","","0","","0","","0","","","","","","","","","","544730","544730","544730","80.729","","0","","","","","0.000","2","3","","0","0","0","0.000","0","0","0","0","0","0","","","","","","0.097","Thu, 30 Jul 2026 18:03:37 GMT","","","","","1.1","","","","","","https://thefalcontour.com/assets/images/new-zealand/2.jpg","2026-07-31 12:05:29"
"https://thefalcontour.com/assets/images/new-zealand/3.jpg","image/jpeg","200","OK","Indexable","","","0","0","","0","0","","0","","0","","0","","0","","","","","","","","","","512051","512051","512051","75.886","","0","","","","","0.000","2","3","","0","0","0","0.000","0","0","0","0","0","0","","","","","","0.106","Thu, 30 Jul 2026 18:03:37 GMT","","","","","1.1","","","","","","https://thefalcontour.com/assets/images/new-zealand/3.jpg","2026-07-31 12:05:29"
"https://thefalcontour.com/destinations/destination-phu-quoc.html","text/html","200","OK","Indexable","","Phu Quoc Tour Package — 5 Days | The Falcon Tour","48","457","Book The Falcon Tour's 5-day Phu Quoc package for a relaxed Vietnam island escape with beaches, seafood and sunset cruises.","123","795","phu quoc tour package, vietnam island holiday, 5 day beach trip","63","Vietnam's island exhale.","24","Overview","8","Day-by-Day Itinerary","20","index, follow, max-image-preview:large, max-snippet:-1","","","https://thefalcontour.com/destinations/destination-phu-quoc.html","","","","","","15295","4739","4739","0.702","","297","64","4.641","85.337","Easy","16.050","2","1","","8","6","0","2.700","34","21","0","6","4","0","","","","","9894511ee35b673bf405b85d8633fee0","0.094","Thu, 30 Jul 2026 18:05:06 GMT","","","","en","1.1","","","","","","https://thefalcontour.com/destinations/destination-phu-quoc.html","2026-07-31 12:05:29"
"https://thefalcontour.com/blogs/new-zealand/nz-faqs.html","text/html","200","OK","Indexable","","New Zealand Travel FAQs – Common Questions Answered","51","522","Answers to the most frequently asked questions about traveling to New Zealand, including visas, weather, safety and costs.","122","765","New Zealand travel FAQs, New Zealand travel questions, New Zealand trip FAQs, New Zealand tourist information","109","New Zealand Travel FAQs: Your Questions Answered","48","Overview","8","Do I Need a Visa","16","","","","https://thefalcontour.com/blogs/new-zealand/nz-faqs.html","","","","","","23357","7283","7283","1.079","","374","68","5.500","75.257","Fairly Easy","12.977","2","2","","7","7","0","3.150","39","23","0","7","3","0","","","","","c2f5b151e117b429c933e6a4658dc966","0.032","Thu, 30 Jul 2026 18:04:35 GMT","","","","en","1.1","","","","","","https://thefalcontour.com/blogs/new-zealand/nz-faqs.html","2026-07-31 12:05:29"
"https://thefalcontour.com/blogs/japan/japan-itinerary.html","text/html","200","OK","Indexable","","Japan Itinerary 2026 | Tips, Costs & Itinerary","46","388","","0","0","","0","Japan Itinerary","15","Planning Your Japan Itinerary","29","10-Day Itinerary","16","","","","https://thefalcontour.com/blogs/japan/japan-itinerary.html","","","","","","22569","6956","6956","1.031","","312","65","4.800","73.165","Fairly Easy","11.414","2","2","","25","17","0","7.660","38","23","0","7","3","0","","","","","59bc63851cfbcb0f4d4bbb680a40a044","0.046","Thu, 30 Jul 2026 18:04:35 GMT","","","","en","1.1","","","","","","https://thefalcontour.com/blogs/japan/japan-itinerary.html","2026-07-31 12:05:29"
"https://thefalcontour.com/assets/images/greece/santorini-guide.jpg","image/jpeg","200","OK","Indexable","","","0","0","","0","0","","0","","0","","0","","0","","","","","","","","","","533830","533830","533830","79.114","","0","","","","","0.000","2","3","","0","0","0","0.000","0","0","0","0","0","0","","","","","","0.034","Thu, 30 Jul 2026 18:03:51 GMT","","","","","1.1","","","","","","https://thefalcontour.com/assets/images/greece/santorini-guide.jpg","2026-07-31 12:05:29"
"https://thefalcontour.com/assets/images/italy/venice-guide.jpg","image/jpeg","200","OK","Indexable","","","0","0","","0","0","","0","","0","","0","","0","","","","","","","","","","36537","36537","36537","5.415","","0","","","","","0.000","2","3","","0","0","0","0.000","0","0","0","0","0","0","","","","","","0.096","Thu, 30 Jul 2026 18:03:50 GMT","","","","","1.1","","","","","","https://thefalcontour.com/assets/images/italy/venice-guide.jpg","2026-07-31 12:05:29"
"https://thefalcontour.com/blogs/usa/las-vegas-guide.html","text/html","200","OK","Indexable","","Las Vegas Guide 2026 | Tips, Costs & Itinerary","46","403","Plan your Las Vegas trip with this guide to the Strip, shows, day trips to the Grand Canyon, best time to visit and money-saving tips.","134","809","Las Vegas guide, Las Vegas travel tips, Las Vegas Strip, Las Vegas itinerary","76","Las Vegas Guide","15","The Strip: What to Expect","25","Best Time to Visit","18","","","","https://thefalcontour.com/blogs/usa/las-vegas-guide.html","","","","","","24516","7955","7955","1.179","","591","93","6.355","84.436","Easy","16.705","2","2","","11","8","0","3.600","39","24","0","7","3","0","","","","","1b31a67e3d824e481c04d0f2d345cfb4","0.110","Thu, 30 Jul 2026 18:04:33 GMT","","","","en","1.1","","","","","","https://thefalcontour.com/blogs/usa/las-vegas-guide.html","2026-07-31 12:05:29"
"https://thefalcontour.com/blogs/japan/japan-trip-cost.html","text/html","200","OK","Indexable","","Japan Trip Cost 2026 | Tips, Costs & Itinerary","46","397","","0","0","","0","Japan Trip Cost","15","How Much Does Japan Cost","24","Accommodation","13","","","","https://thefalcontour.com/blogs/japan/japan-trip-cost.html","","","","","","22686","7042","7042","1.044","","314","65","4.831","76.109","Fairly Easy","11.827","2","2","","18","14","0","6.310","38","23","0","7","3","0","","","","","f58cfd1518589f7d0e839193cc243041","0.114","Thu, 30 Jul 2026 18:04:36 GMT","","","","en","1.1","","","","","","https://thefalcontour.com/blogs/japan/japan-trip-cost.html","2026-07-31 12:05:29"
"https://thefalcontour.com/blogs/australia/australia-travel-tips.html","text/html","200","OK","Indexable","","Australia Travel Tips 2026 | Tips, Costs & Itinerary","52","437","","0","0","","0","Australia Travel Tips","21","Essential Tips Before You Go","28","Sun and Safety","14","","","","https://thefalcontour.com/blogs/australia/australia-travel-tips.html","","","","","","22614","6980","6980","1.034","","292","60","4.867","66.593","Normal","11.183","2","2","","11","9","0","4.050","38","23","0","7","3","0","","","","","62d07aced60948f101ef1671c7973e7b","0.119","Thu, 30 Jul 2026 18:04:37 GMT","","","","en","1.1","","","","","","https://thefalcontour.com/blogs/australia/australia-travel-tips.html","2026-07-31 12:05:29"
"https://thefalcontour.com/assets/images/new-zealand/hobbiton-guide.jpg","image/jpeg","200","OK","Indexable","","","0","0","","0","0","","0","","0","","0","","0","","","","","","","","","","69754","69754","69754","10.338","","0","","","","","0.000","2","3","","0","0","0","0.000","0","0","0","0","0","0","","","","","","0.117","Thu, 30 Jul 2026 18:03:37 GMT","","","","","1.1","","","","","","https://thefalcontour.com/assets/images/new-zealand/hobbiton-guide.jpg","2026-07-31 12:05:29"
"https://thefalcontour.com/blogs/usa/grand-canyon-guide.html","text/html","200","OK","Indexable","","Grand Canyon Guide 2026 | Rims, Hikes & Best Time to Visit","58","525","Plan your Grand Canyon trip — South Rim vs North Rim, best hikes, viewpoints, and the best time of year to visit this Arizona icon.","131","797","Grand Canyon guide, Grand Canyon South Rim, Grand Canyon hikes, when to visit Grand Canyon","90","Grand Canyon Guide","18","South Rim vs North Rim","22","Best Hikes and Viewpoints","25","","","","https://thefalcontour.com/blogs/usa/grand-canyon-guide.html","","","","","","24644","7955","7955","1.179","","609","89","6.843","86.117","Easy","16.853","2","2","","15","12","0","5.410","39","24","0","7","3","0","","","","","52e8cc3be481332c45d18a9103a052f3","0.031","Thu, 30 Jul 2026 18:04:33 GMT","","","","en","1.1","","","","","","https://thefalcontour.com/blogs/usa/grand-canyon-guide.html","2026-07-31 12:05:29"
"https://thefalcontour.com/assets/images/australia/brisbane-guide.jpg","image/jpeg","200","OK","Indexable","","","0","0","","0","0","","0","","0","","0","","0","","","","","","","","","","41885","41885","41885","6.207","","0","","","","","0.000","2","3","","0","0","0","0.000","0","0","0","0","0","0","","","","","","0.030","Thu, 30 Jul 2026 18:04:12 GMT","","","","","1.1","","","","","","https://thefalcontour.com/assets/images/australia/brisbane-guide.jpg","2026-07-31 12:05:29"
"https://thefalcontour.com/blogs/new-zealand/queenstown-guide.html","text/html","200","OK","Indexable","","Queenstown Travel Guide – Adventure Capital of New Zealand","58","553","Complete Queenstown travel guide covering adventure activities, lake views, dining and a 3-day itinerary.","105","645","Queenstown travel guide, things to do in Queenstown, Queenstown itinerary, Queenstown tourist attractions","105","Queenstown Travel Guide: Adventure Capital of New Zealand","57","Overview","8","Top Attractions","15","","","","https://thefalcontour.com/blogs/new-zealand/queenstown-guide.html","","","","","","23474","7317","7317","1.084","","386","72","5.361","69.453","Normal","13.435","2","2","","21","14","0","6.310","39","23","0","7","3","0","","","","","8202d24a4f335e4df0da5c1b502070db","0.029","Thu, 30 Jul 2026 18:04:35 GMT","","","","en","1.1","","","","","","https://thefalcontour.com/blogs/new-zealand/queenstown-guide.html","2026-07-31 12:05:29"
"https://thefalcontour.com/assets/images/spain/barcelona-guide.jpg","image/jpeg","200","OK","Indexable","","","0","0","","0","0","","0","","0","","0","","0","","","","","","","","","","85229","85229","85229","12.631","","0","","","","","0.000","2","3","","0","0","0","0.000","0","0","0","0","0","0","","","","","","0.038","Thu, 30 Jul 2026 18:03:34 GMT","","","","","1.1","","","","","","https://thefalcontour.com/assets/images/spain/barcelona-guide.jpg","2026-07-31 12:05:29"
"https://thefalcontour.com/assets/images/australia/australia-packing-guide.jpg","image/jpeg","200","OK","Indexable","","","0","0","","0","0","","0","","0","","0","","0","","","","","","","","","","5698","5698","5698","0.844","","0","","","","","0.000","2","3","","0","0","0","0.000","0","0","0","0","0","0","","","","","","0.035","Thu, 30 Jul 2026 18:04:11 GMT","","","","","1.1","","","","","","https://thefalcontour.com/assets/images/australia/australia-packing-guide.jpg","2026-07-31 12:05:29"
"https://thefalcontour.com/assets/images/new-zealand/rotorua-guide.jpg","image/jpeg","200","OK","Indexable","","","0","0","","0","0","","0","","0","","0","","0","","","","","","","","","","50555","50555","50555","7.492","","0","","","","","0.000","2","3","","0","0","0","0.000","0","0","0","0","0","0","","","","","","0.113","Thu, 30 Jul 2026 18:03:38 GMT","","","","","1.1","","","","","","https://thefalcontour.com/assets/images/new-zealand/rotorua-guide.jpg","2026-07-31 12:05:29"
"https://thefalcontour.com/blogs/usa/usa-budget-guide.html","text/html","200","OK","Indexable","","USA on a Budget 2026 | How to Save on Your Trip","47","437","Practical tips to travel the USA on a budget — cheap flights, affordable cities, saving on food and transport, and how much to expect to spend.","143","875","USA budget travel, cheap USA trip, USA travel costs, budget travel tips America","79","USA Budget Guide","16","Choosing Budget-Friendly Destinations","37","Saving on Flights and Transport","31","","","","https://thefalcontour.com/blogs/usa/usa-budget-guide.html","","","","","","24544","7862","7862","1.165","","549","87","6.310","69.909","Normal","16.609","2","2","","19","16","0","7.210","39","24","0","7","3","0","","","","","d6ae803da837acd46b783c8798f6e748","0.139","Thu, 30 Jul 2026 18:04:34 GMT","","","","en","1.1","","","","","","https://thefalcontour.com/blogs/usa/usa-budget-guide.html","2026-07-31 12:05:29"
"https://thefalcontour.com/blogs/japan/cherry-blossom-guide.html","text/html","200","OK","Indexable","","Cherry Blossom Guide 2026 | Tips, Costs & Itinerary","51","452","","0","0","","0","Cherry Blossom Guide","20","Sakura Season in Japan","22","When Do They Bloom","18","","","","https://thefalcontour.com/blogs/japan/cherry-blossom-guide.html","","","","","","22739","7092","7092","1.051","","332","64","5.188","73.396","Fairly Easy","11.905","2","2","","11","9","0","4.050","38","23","0","7","3","0","","","","","f13573820eceac8547d6756ce13f5d9e","0.111","Thu, 30 Jul 2026 18:04:35 GMT","","","","en","1.1","","","","","","https://thefalcontour.com/blogs/japan/cherry-blossom-guide.html","2026-07-31 12:05:29"
"https://thefalcontour.com/blogs/australia/great-barrier-reef.html","text/html","200","OK","Indexable","","Great Barrier Reef Guide 2026 | Tips, Costs & Itinerary","55","468","","0","0","","0","Great Barrier Reef Guide","24","Why Visit the Great Barrier Reef","32","Where to Access the Reef","24","","","","https://thefalcontour.com/blogs/australia/great-barrier-reef.html","","","","","","23148","7278","7278","1.079","","379","69","5.493","77.150","Fairly Easy","13.079","2","2","","15","11","0","4.950","38","23","0","7","3","0","","","","","79a5a6004d36ee08df7472e718b26392","0.113","Thu, 30 Jul 2026 18:04:38 GMT","","","","en","1.1","","","","","","https://thefalcontour.com/blogs/australia/great-barrier-reef.html","2026-07-31 12:05:29"
"https://thefalcontour.com/assets/images/new-zealand/nz-shopping-guide.jpg","image/jpeg","200","OK","Indexable","","","0","0","","0","0","","0","","0","","0","","0","","","","","","","","","","33439","33439","33439","4.956","","0","","","","","0.000","2","3","","0","0","0","0.000","0","0","0","0","0","0","","","","","","0.099","Thu, 30 Jul 2026 18:03:37 GMT","","","","","1.1","","","","","","https://thefalcontour.com/assets/images/new-zealand/nz-shopping-guide.jpg","2026-07-31 12:05:29"
"https://thefalcontour.com/blogs/greece/santorini-guide.html","text/html","200","OK","Indexable","","Santorini Travel Guide – Best Places, Sunsets & Itinerary | The Falcon Tour","75","655","Complete Santorini travel guide covering Oia sunsets, best hotels, beaches and a 3-day itinerary for couples and honeymooners.","126","790","","0","Santorini Travel Guide: Best Places, Sunsets & Itinerary","56","Why Visit Santorini","19","Top Things to Do","16","","","","https://thefalcontour.com/blogs/greece/santorini-guide.html","","","","","","23700","7420","7420","1.100","","379","67","5.657","72.073","Fairly Easy","12.713","2","2","","7","7","0","3.150","39","23","0","7","3","0","","","","","565cfecb42ff0c762338a707ccbc7461","0.048","Thu, 30 Jul 2026 18:04:36 GMT","","","","en","1.1","","","","","","https://thefalcontour.com/blogs/greece/santorini-guide.html","2026-07-31 12:05:29"
"https://thefalcontour.com/blogs/japan/disneyland-japan.html","text/html","200","OK","Indexable","","Tokyo Disneyland Guide 2026 | Tips, Costs & Itinerary","53","468","","0","0","","0","Tokyo Disneyland Guide","22","Tokyo Disney Resort","19","Which Park to Choose","20","","","","https://thefalcontour.com/blogs/japan/disneyland-japan.html","","","","","","22659","7017","7017","1.040","","321","62","5.177","72.176","Fairly Easy","11.775","2","2","","10","9","0","4.050","38","23","0","7","3","0","","","","","d4e1e72d705281ae6fe74cd4d022ab22","0.041","Thu, 30 Jul 2026 18:04:35 GMT","","","","en","1.1","","","","","","https://thefalcontour.com/blogs/japan/disneyland-japan.html","2026-07-31 12:05:29"
"https://thefalcontour.com/blogs/japan/osaka-guide.html","text/html","200","OK","Indexable","","Osaka Guide 2026 | Tips, Costs & Itinerary","42","367","","0","0","","0","Osaka Guide","11","Why Visit Osaka","15","Top Things to Do","16","","","","https://thefalcontour.com/blogs/japan/osaka-guide.html","","","","","","22559","7073","7073","1.048","","312","62","5.032","71.031","Fairly Easy","11.512","2","2","","13","11","0","4.950","38","23","0","7","3","0","","","","","2574e17b9675c7bf204fd8d21c171dc8","0.029","Thu, 30 Jul 2026 18:04:36 GMT","","","","en","1.1","","","","","","https://thefalcontour.com/blogs/japan/osaka-guide.html","2026-07-31 12:05:29"
"https://thefalcontour.com/assets/images/new-zealand/nz-faqs.jpg","image/jpeg","200","OK","Indexable","","","0","0","","0","0","","0","","0","","0","","0","","","","","","","","","","80477","80477","80477","11.927","","0","","","","","0.000","2","3","","0","0","0","0.000","0","0","0","0","0","0","","","","","","0.035","Thu, 30 Jul 2026 18:03:37 GMT","","","","","1.1","","","","","","https://thefalcontour.com/assets/images/new-zealand/nz-faqs.jpg","2026-07-31 12:05:29"
"https://thefalcontour.com/assets/images/usa/usa-budget-guide.jpg","image/jpeg","200","OK","Indexable","","","0","0","","0","0","","0","","0","","0","","0","","","","","","","","","","78970","78970","78970","11.703","","0","","","","","0.000","2","3","","0","0","0","0.000","0","0","0","0","0","0","","","","","","0.047","Thu, 30 Jul 2026 18:03:19 GMT","","","","","1.1","","","","","","https://thefalcontour.com/assets/images/usa/usa-budget-guide.jpg","2026-07-31 12:05:29"
"https://thefalcontour.com/blogs/usa/washington-dc-guide.html","text/html","200","OK","Indexable","","Washington D.C. Guide 2026 | Monuments, Museums & Tips","54","533","Plan your Washington D.C. trip — the National Mall, free Smithsonian museums, cherry blossoms, and how many days you need.","122","792","Washington DC guide, DC travel tips, National Mall, Smithsonian museums","71","Washington DC Guide","19","The National Mall","17","Free Museums","12","","","","https://thefalcontour.com/blogs/usa/washington-dc-guide.html","","","","","","24513","7888","7888","1.169","","568","102","5.569","73.240","Fairly Easy","16.846","2","2","","12","9","0","4.050","39","24","0","7","3","0","","","","","17d8e38d5769bef6bd32f6b19b35848","0.061","Thu, 30 Jul 2026 18:04:34 GMT","","","","en","1.1","","","","","","https://thefalcontour.com/blogs/usa/washington-dc-guide.html","2026-07-31 12:05:29"
"https://thefalcontour.com/blogs/australia/australia-travel-guide.html","text/html","200","OK","Indexable","","Australia Travel Guide 2026 | Tips, Costs & Itinerary","53","450","","0","0","","0","Australia Travel Guide","22","Planning a Trip to Australia","28","Getting Around","14","","","","https://thefalcontour.com/blogs/australia/australia-travel-guide.html","","","","","","22870","7136","7136","1.058","","355","65","5.462","79.039","Fairly Easy","12.251","2","2","","45","26","0","11.710","38","23","0","7","3","0","","","","","459c1d0534b1967adab471e079674813","0.139","Thu, 30 Jul 2026 18:04:37 GMT","","","","en","1.1","","","","","","https://thefalcontour.com/blogs/australia/australia-travel-guide.html","2026-07-31 12:05:29"
"https://thefalcontour.com/blogs/new-zealand/hobbiton-guide.html","text/html","200","OK","Indexable","","Hobbiton Travel Guide – Movie Set Tour & Tips","45","414","Complete Hobbiton travel guide covering the movie set tour, tips for visiting and how to combine it with other North Island stops.","130","797","Hobbiton travel guide, Hobbiton movie set tour, Hobbiton tickets, things to do near Hobbiton","92","Hobbiton Travel Guide: Movie Set Tour & Visitor Tips","52","Overview","8","About the Movie Set","19","","","","https://thefalcontour.com/blogs/new-zealand/hobbiton-guide.html","","","","","","23286","7301","7301","1.082","","380","66","5.758","81.661","Easy","12.775","2","2","","11","9","0","4.050","39","23","0","7","3","0","","","","","4a5e7b79d07eb6d9ad49115508da8d31","0.058","Thu, 30 Jul 2026 18:04:34 GMT","","","","en","1.1","","","","","","https://thefalcontour.com/blogs/new-zealand/hobbiton-guide.html","2026-07-31 12:05:30"
"https://thefalcontour.com/blogs/spain/barcelona-guide.html","text/html","200","OK","Indexable","","Barcelona Travel Guide – Sagrada Familia, Beaches & Itinerary | The Falcon Tour","79","707","Complete Barcelona travel guide covering Sagrada Familia, Park Güell, beaches and a 3-day itinerary for first-time visitors.","124","747","","0","Barcelona Travel Guide: Sagrada Familia, Beaches & Itinerary","60","Why Visit Barcelona","19","Top Things to Do","16","","","","https://thefalcontour.com/blogs/spain/barcelona-guide.html","","","","","","23594","7410","7410","1.098","","362","68","5.324","72.662","Fairly Easy","12.335","2","2","","7","7","0","3.150","39","23","0","7","3","0","","","","","5c3fb8380dfe9dd4590a5edd2bf25f08","0.116","Thu, 30 Jul 2026 18:04:34 GMT","","","","en","1.1","","","","","","https://thefalcontour.com/blogs/spain/barcelona-guide.html","2026-07-31 12:05:29"
"https://thefalcontour.com/blogs/europe/europe-packing-guide.html","text/html","200","OK","Indexable","","Europe Packing Guide – What to Pack for Every Season | The Falcon Tour","70","647","Complete Europe packing checklist covering clothing, essentials and travel gadgets for spring, summer, autumn and winter trips.","127","796","","0","Europe Packing Guide: What to Pack for Every Season","51","Packing for Summer","18","Packing for Winter","18","","","","https://thefalcontour.com/blogs/europe/europe-packing-guide.html","","","","","","23482","7414","7414","1.099","","376","69","5.449","68.104","Normal","13.076","2","2","","8","8","0","3.600","40","24","0","7","3","0","","","","","9e343ac13ec04002d30574261d8dbf5f","0.036","Thu, 30 Jul 2026 18:04:37 GMT","","","","en","1.1","","","","","","https://thefalcontour.com/blogs/europe/europe-packing-guide.html","2026-07-31 12:05:30"
"https://thefalcontour.com/blogs/new-zealand/nz-shopping-guide.html","text/html","200","OK","Indexable","","New Zealand Shopping Guide – Best Markets & Souvenirs","53","511","Complete New Zealand shopping guide covering the best markets, malls and souvenirs like Manuka honey and Maori crafts.","118","767","New Zealand shopping guide, shopping in New Zealand, New Zealand souvenirs, best markets in New Zealand","103","New Zealand Shopping Guide: Best Markets & Souvenirs","52","Overview","8","Best Shopping Areas","19","","","","https://thefalcontour.com/blogs/new-zealand/nz-shopping-guide.html","","","","","","23336","7229","7229","1.071","","356","65","5.477","64.633","Normal","12.849","2","2","","7","7","0","3.150","39","23","0","7","3","0","","","","","b971638cf78109b3ebc83ca00fd1094e","0.120","Thu, 30 Jul 2026 18:04:35 GMT","","","","en","1.1","","","","","","https://thefalcontour.com/blogs/new-zealand/nz-shopping-guide.html","2026-07-31 12:05:30"
"https://thefalcontour.com/assets/images/japan/japan-rail-pass-guide.jpg","image/jpeg","200","OK","Indexable","","","0","0","","0","0","","0","","0","","0","","0","","","","","","","","","","10308","10308","10308","1.528","","0","","","","","0.000","2","3","","0","0","0","0.000","0","0","0","0","0","0","","","","","","0.059","Thu, 30 Jul 2026 18:03:49 GMT","","","","","1.1","","","","","","https://thefalcontour.com/assets/images/japan/japan-rail-pass-guide.jpg","2026-07-31 12:05:30"
"https://thefalcontour.com/assets/images/australia/australia-budget.jpg","image/jpeg","200","OK","Indexable","","","0","0","","0","0","","0","","0","","0","","0","","","","","","","","","","41541","41541","41541","6.156","","0","","","","","0.000","2","3","","0","0","0","0.000","0","0","0","0","0","0","","","","","","0.058","Thu, 30 Jul 2026 18:04:11 GMT","","","","","1.1","","","","","","https://thefalcontour.com/assets/images/australia/australia-budget.jpg","2026-07-31 12:05:30"
"https://thefalcontour.com/assets/images/new-zealand/nz-10-days-itinerary.jpg","image/jpeg","200","OK","Indexable","","","0","0","","0","0","","0","","0","","0","","0","","","","","","","","","","76242","76242","76242","11.299","","0","","","","","0.000","2","3","","0","0","0","0.000","0","0","0","0","0","0","","","","","","0.047","Thu, 30 Jul 2026 18:03:37 GMT","","","","","1.1","","","","","","https://thefalcontour.com/assets/images/new-zealand/nz-10-days-itinerary.jpg","2026-07-31 12:05:30"
"https://thefalcontour.com/blogs/japan/mount-fuji-guide.html","text/html","200","OK","Indexable","","Mount Fuji Guide 2026 | Tips, Costs & Itinerary","47","407","","0","0","","0","Mount Fuji Guide","16","Why Visit Mount Fuji","20","Best Viewing Spots","18","","","","https://thefalcontour.com/blogs/japan/mount-fuji-guide.html","","","","","","22883","7123","7123","1.056","","359","67","5.358","72.729","Fairly Easy","12.516","2","2","","9","9","0","4.050","38","23","0","7","3","0","","","","","4922e4ccddca25bfe51df18ce53a50ef","0.057","Thu, 30 Jul 2026 18:04:36 GMT","","","","en","1.1","","","","","","https://thefalcontour.com/blogs/japan/mount-fuji-guide.html","2026-07-31 12:05:30"
"https://thefalcontour.com/blogs/usa/usa-food-guide.html","text/html","200","OK","Indexable","","USA Food Guide 2026 | Regional Dishes You Must Try","50","471","A guide to American regional food — from New York bagels to Texas barbecue, New Orleans creole cooking, and West Coast farm-to-table dining.","140","897","USA food guide, American regional food, what to eat in the USA, USA food trip","77","USA Food Guide","14","Regional Food Is the Real Story","31","Northeast and New York","22","","","","https://thefalcontour.com/blogs/usa/usa-food-guide.html","","","","","","24848","8042","8042","1.192","","567","93","6.097","64.720","Normal","17.587","2","2","","12","9","0","4.050","39","24","0","7","3","0","","","","","9d4716c1a0e1a720cc63c348b48a1a84","0.036","Thu, 30 Jul 2026 18:04:34 GMT","","","","en","1.1","","","","","","https://thefalcontour.com/blogs/usa/usa-food-guide.html","2026-07-31 12:05:30"
"https://thefalcontour.com/blogs/europe/europe-family-trip-guide.html","text/html","200","OK","Indexable","","Europe Family Trip Guide – Best Destinations for Kids | The Falcon Tour","71","631","Plan the perfect Europe family vacation with kid-friendly destinations, activities and travel tips for a stress-free trip with children.","136","789","","0","Europe Family Trip Guide: Best Destinations & Tips for Traveling with Kids","74","Best Family-Friendly Destinations","33","Activities Kids Will Love","25","","","","https://thefalcontour.com/blogs/europe/europe-family-trip-guide.html","","","","","","23642","7500","7500","1.111","","397","71","5.592","69.891","Normal","13.564","2","2","","7","7","0","3.150","40","24","0","7","3","0","","","","","dc8bca3d9a8b5058f451fe80138c0efa","0.033","Thu, 30 Jul 2026 18:04:36 GMT","","","","en","1.1","","","","","","https://thefalcontour.com/blogs/europe/europe-family-trip-guide.html","2026-07-31 12:05:30"
"https://thefalcontour.com/assets/images/iceland/iceland-guide.jpg","image/jpeg","200","OK","Indexable","","","0","0","","0","0","","0","","0","","0","","0","","","","","","","","","","67062","67062","67062","9.939","","0","","","","","0.000","2","3","","0","0","0","0.000","0","0","0","0","0","0","","","","","","0.127","Thu, 30 Jul 2026 18:03:50 GMT","","","","","1.1","","","","","","https://thefalcontour.com/assets/images/iceland/iceland-guide.jpg","2026-07-31 12:05:30"
"https://thefalcontour.com/blogs/australia/australia-packing-guide.html","text/html","200","OK","Indexable","","Australia Packing Guide 2026 | Tips, Costs & Itinerary","54","467","","0","0","","0","Australia Packing Guide","23","Packing Basics","14","Sun Protection","14","","","","https://thefalcontour.com/blogs/australia/australia-packing-guide.html","","","","","","22790","7059","7059","1.046","","318","63","5.048","70.289","Fairly Easy","11.671","2","2","","16","13","0","5.860","38","23","0","7","3","0","","","","","466ac970c9d3728b1f209216500f031","0.109","Thu, 30 Jul 2026 18:04:37 GMT","","","","en","1.1","","","","","","https://thefalcontour.com/blogs/australia/australia-packing-guide.html","2026-07-31 12:05:30"
"https://thefalcontour.com/assets/images/australia/tasmania-guide.jpg","image/jpeg","200","OK","Indexable","","","0","0","","0","0","","0","","0","","0","","0","","","","","","","","","","55847","55847","55847","8.277","","0","","","","","0.000","2","3","","0","0","0","0.000","0","0","0","0","0","0","","","","","","0.149","Thu, 30 Jul 2026 18:04:13 GMT","","","","","1.1","","","","","","https://thefalcontour.com/assets/images/australia/tasmania-guide.jpg","2026-07-31 12:05:30"
"https://thefalcontour.com/assets/images/europe/best-time-to-visit-europe.jpg","image/jpeg","200","OK","Indexable","","","0","0","","0","0","","0","","0","","0","","0","","","","","","","","","","12411","12411","12411","1.839","","0","","","","","0.000","2","3","","0","0","0","0.000","0","0","0","0","0","0","","","","","","0.037","Thu, 30 Jul 2026 18:03:51 GMT","","","","","1.1","","","","","","https://thefalcontour.com/assets/images/europe/best-time-to-visit-europe.jpg","2026-07-31 12:05:30"
"https://thefalcontour.com/assets/images/new-zealand/nz-honeymoon-guide.jpg","image/jpeg","200","OK","Indexable","","","0","0","","0","0","","0","","0","","0","","0","","","","","","","","","","50560","50560","50560","7.493","","0","","","","","0.000","2","3","","0","0","0","0.000","0","0","0","0","0","0","","","","","","0.047","Thu, 30 Jul 2026 18:03:37 GMT","","","","","1.1","","","","","","https://thefalcontour.com/assets/images/new-zealand/nz-honeymoon-guide.jpg","2026-07-31 12:05:30"
"https://thefalcontour.com/assets/images/europe/europe-packing-guide.jpg","image/jpeg","200","OK","Indexable","","","0","0","","0","0","","0","","0","","0","","0","","","","","","","","","","60880","60880","60880","9.022","","0","","","","","0.000","2","3","","0","0","0","0.000","0","0","0","0","0","0","","","","","","0.119","Thu, 30 Jul 2026 18:03:52 GMT","","","","","1.1","","","","","","https://thefalcontour.com/assets/images/europe/europe-packing-guide.jpg","2026-07-31 12:05:30"
"https://thefalcontour.com/assets/images/japan/anime-places-japan.jpg","image/jpeg","200","OK","Indexable","","","0","0","","0","0","","0","","0","","0","","0","","","","","","","","","","22444","22444","22444","3.326","","0","","","","","0.000","2","3","","0","0","0","0.000","0","0","0","0","0","0","","","","","","0.121","Thu, 30 Jul 2026 18:03:46 GMT","","","","","1.1","","","","","","https://thefalcontour.com/assets/images/japan/anime-places-japan.jpg","2026-07-31 12:05:30"
"https://thefalcontour.com/blogs/japan/japan-shopping-guide.html","text/html","200","OK","Indexable","","Japan Shopping Guide 2026 | Tips, Costs & Itinerary","51","457","","0","0","","0","Japan Shopping Guide","20","Shopping in Japan","17","What to Buy","11","","","","https://thefalcontour.com/blogs/japan/japan-shopping-guide.html","","","","","","22573","7016","7016","1.040","","297","61","4.869","65.736","Normal","11.412","2","2","","11","9","0","4.050","38","23","0","7","3","0","","","","","6ab830f010c6cdd51350f986bb0c4159","0.113","Thu, 30 Jul 2026 18:04:35 GMT","","","","en","1.1","","","","","","https://thefalcontour.com/blogs/japan/japan-shopping-guide.html","2026-07-31 12:05:30"
"https://thefalcontour.com/assets/images/europe/europe-visa-guide.jpg","image/jpeg","200","OK","Indexable","","","0","0","","0","0","","0","","0","","0","","0","","","","","","","","","","7434","7434","7434","1.102","","0","","","","","0.000","2","3","","0","0","0","0.000","0","0","0","0","0","0","","","","","","0.115","Thu, 30 Jul 2026 18:03:52 GMT","","","","","1.1","","","","","","https://thefalcontour.com/assets/images/europe/europe-visa-guide.jpg","2026-07-31 12:05:30"
"https://thefalcontour.com/blogs/japan/japanese-food-guide.html","text/html","200","OK","Indexable","","Japanese Food Guide 2026 | Tips, Costs & Itinerary","50","449","","0","0","","0","Japanese Food Guide","19","Japan's Food Culture","20","Must-Try Dishes","15","","","","https://thefalcontour.com/blogs/japan/japanese-food-guide.html","","","","","","22649","7096","7096","1.052","","307","64","4.797","66.937","Normal","11.661","2","2","","9","8","0","3.600","38","23","0","7","3","0","","","","","8abd4e5d91d224967850b14043595666","0.037","Thu, 30 Jul 2026 18:04:36 GMT","","","","en","1.1","","","","","","https://thefalcontour.com/blogs/japan/japanese-food-guide.html","2026-07-31 12:05:30"
"https://thefalcontour.com/blogs/usa/usa-travel-guide.html","text/html","200","OK","Indexable","","USA Travel Guide 2026 | Complete Planning Overview","50","473","A complete USA travel guide covering when to go, getting around, top destinations, and practical planning tips for your American trip.","134","822","USA travel guide, planning a trip to America, USA vacation planning, USA travel tips","84","USA Travel Guide","16","Planning Your Trip","18","Getting Around the Country","26","","","","https://thefalcontour.com/blogs/usa/usa-travel-guide.html","","","","","","24550","7951","7951","1.178","","569","90","6.322","72.403","Fairly Easy","16.806","2","2","","20","17","0","7.660","39","24","0","7","3","0","","","","","551f5c0c6fe139b542892764c2ea94dd","0.104","Thu, 30 Jul 2026 18:04:34 GMT","","","","en","1.1","","","","","","https://thefalcontour.com/blogs/usa/usa-travel-guide.html","2026-07-31 12:05:30"
"https://thefalcontour.com/blogs/australia/tasmania-guide.html","text/html","200","OK","Indexable","","Tasmania Guide 2026 | Tips, Costs & Itinerary","45","399","","0","0","","0","Tasmania Guide","14","Why Visit Tasmania","18","Top Things to Do","16","","","","https://thefalcontour.com/blogs/australia/tasmania-guide.html","","","","","","22952","7170","7170","1.063","","349","67","5.209","70.648","Fairly Easy","12.472","2","2","","14","11","0","4.950","38","23","0","7","3","0","","","","","66895c6aa0de85935d7aab5eafc6b35d","0.028","Thu, 30 Jul 2026 18:04:38 GMT","","","","en","1.1","","","","","","https://thefalcontour.com/blogs/australia/tasmania-guide.html","2026-07-31 12:05:30"
"https://thefalcontour.com/blogs/australia/australia-wildlife-guide.html","text/html","200","OK","Indexable","","Australia Wildlife Guide 2026 | Tips, Costs & Itinerary","55","461","","0","0","","0","Australia Wildlife Guide","24","Australia's Unique Wildlife","27","Where to See Wildlife","21","","","","https://thefalcontour.com/blogs/australia/australia-wildlife-guide.html","","","","","","22962","7101","7101","1.052","","357","67","5.328","76.778","Fairly Easy","12.491","2","2","","16","13","0","5.860","38","23","0","7","3","0","","","","","7bcc6224259409cd3af33f1e0fc95a5","0.100","Thu, 30 Jul 2026 18:04:37 GMT","","","","en","1.1","","","","","","https://thefalcontour.com/blogs/australia/australia-wildlife-guide.html","2026-07-31 12:05:30"
"https://thefalcontour.com/assets/images/new-zealand/christchurch-guide.jpg","image/jpeg","200","OK","Indexable","","","0","0","","0","0","","0","","0","","0","","0","","","","","","","","","","33459","33459","33459","4.959","","0","","","","","0.000","2","3","","0","0","0","0.000","0","0","0","0","0","0","","","","","","0.025","Thu, 30 Jul 2026 18:03:37 GMT","","","","","1.1","","","","","","https://thefalcontour.com/assets/images/new-zealand/christchurch-guide.jpg","2026-07-31 12:05:30"
"https://thefalcontour.com/blogs/new-zealand/nz-10-days-itinerary.html","text/html","200","OK","Indexable","","Best New Zealand 10 Days Itinerary – North & South Island Plan","62","562","A ready-made 10-day New Zealand itinerary covering Auckland, Rotorua, Queenstown and Milford Sound for first-time visitors.","123","777","New Zealand 10 days itinerary, New Zealand itinerary, 10 day New Zealand trip plan, New Zealand travel route","108","New Zealand 10-Day Itinerary: North & South Island Highlights","61","Overview","8","Days 1-3: Auckland & Hobbiton","29","","","","https://thefalcontour.com/blogs/new-zealand/nz-10-days-itinerary.html","","","","","","23292","7256","7256","1.075","","367","70","5.243","82.105","Easy","12.634","2","2","","33","20","0","9.010","39","23","0","7","3","0","","","","","1f8b547673350b521cd03bdb5cf2a93f","0.032","Thu, 30 Jul 2026 18:04:35 GMT","","","","en","1.1","","","","","","https://thefalcontour.com/blogs/new-zealand/nz-10-days-itinerary.html","2026-07-31 12:05:30"
"https://thefalcontour.com/assets/images/japan/best-time-to-visit-japan.jpg","image/jpeg","200","OK","Indexable","","","0","0","","0","0","","0","","0","","0","","0","","","","","","","","","","74365","74365","74365","11.021","","0","","","","","0.000","2","3","","0","0","0","0.000","0","0","0","0","0","0","","","","","","0.027","Thu, 30 Jul 2026 18:03:47 GMT","","","","","1.1","","","","","","https://thefalcontour.com/assets/images/japan/best-time-to-visit-japan.jpg","2026-07-31 12:05:30"
"https://thefalcontour.com/blogs/japan/japan-family-guide.html","text/html","200","OK","Indexable","","Japan Family Travel Guide 2026 | Tips, Costs & Itinerary","56","489","","0","0","","0","Japan Family Travel Guide","25","Why Japan Works for Families","28","Best Family Destinations","24","","","","https://thefalcontour.com/blogs/japan/japan-family-guide.html","","","","","","22652","7026","7026","1.041","","311","63","4.937","70.436","Fairly Easy","11.659","2","2","","9","8","0","3.600","38","23","0","7","3","0","","","","","2e23988b3670e8a45da517476583c5d7","0.096","Thu, 30 Jul 2026 18:04:35 GMT","","","","en","1.1","","","","","","https://thefalcontour.com/blogs/japan/japan-family-guide.html","2026-07-31 12:05:30"
"https://thefalcontour.com/blogs/europe/europe-backpacking-guide.html","text/html","200","OK","Indexable","","Europe Backpacking Guide – Budget Travel Tips 2025 | The Falcon Tour","68","635","Complete Europe backpacking guide with budget hostel tips, rail passes, must-see stops and money-saving hacks for solo travelers.","129","818","","0","Europe Backpacking Guide: Travel Europe on a Budget","51","Choosing Your Route","19","Budget Accommodation","20","","","","https://thefalcontour.com/blogs/europe/europe-backpacking-guide.html","","","","","","23630","7514","7514","1.114","","399","70","5.700","72.135","Fairly Easy","13.548","2","2","","9","8","0","3.600","40","24","0","7","3","0","","","","","63d2eecb26d39e32b6ec1932987e76fe","0.030","Thu, 30 Jul 2026 18:04:36 GMT","","","","en","1.1","","","","","","https://thefalcontour.com/blogs/europe/europe-backpacking-guide.html","2026-07-31 12:05:30"
"https://thefalcontour.com/blogs/italy/rome-travel-guide.html","text/html","200","OK","Indexable","","Rome Travel Guide – Colosseum, Vatican & Best Itinerary | The Falcon Tour","73","663","Explore Rome with this complete travel guide covering the Colosseum, Vatican City, Roman food and a perfect 3-day itinerary.","124","774","","0","Rome Travel Guide: Colosseum, Vatican & Best Itinerary","54","Why Visit Rome","14","Top Attractions","15","","","","https://thefalcontour.com/blogs/italy/rome-travel-guide.html","","","","","","23454","7339","7339","1.088","","354","75","4.720","74.905","Fairly Easy","12.252","2","2","","12","10","0","4.500","39","23","0","7","3","0","","","","","e1549267f2903083d683e0095995c519","0.031","Thu, 30 Jul 2026 18:04:36 GMT","","","","en","1.1","","","","","","https://thefalcontour.com/blogs/italy/rome-travel-guide.html","2026-07-31 12:05:30"
"https://thefalcontour.com/assets/images/europe/northern-lights-guide.jpg","image/jpeg","200","OK","Indexable","","","0","0","","0","0","","0","","0","","0","","0","","","","","","","","","","55676","55676","55676","8.251","","0","","","","","0.000","2","3","","0","0","0","0.000","0","0","0","0","0","0","","","","","","0.030","Thu, 30 Jul 2026 18:03:53 GMT","","","","","1.1","","","","","","https://thefalcontour.com/assets/images/europe/northern-lights-guide.jpg","2026-07-31 12:05:30"
"https://thefalcontour.com/assets/images/usa/miami-guide.jpg","image/jpeg","200","OK","Indexable","","","0","0","","0","0","","0","","0","","0","","0","","","","","","","","","","53299","53299","53299","7.899","","0","","","","","0.000","2","3","","0","0","0","0.000","0","0","0","0","0","0","","","","","","0.107","Thu, 30 Jul 2026 18:03:19 GMT","","","","","1.1","","","","","","https://thefalcontour.com/assets/images/usa/miami-guide.jpg","2026-07-31 12:05:30"
"https://thefalcontour.com/blogs/usa/usa-faqs.html","text/html","200","OK","Indexable","","USA Travel FAQs 2026 | Common Questions Answered","48","485","Answers to the most common questions about travelling to the USA — visas, tipping, safety, transport, and what to know before you go.","133","837","USA travel FAQ, USA travel questions, travelling to America, USA trip planning FAQ","82","USA Travel FAQs","15","Before You Go","13","Money and Tipping","17","","","","https://thefalcontour.com/blogs/usa/usa-faqs.html","","","","","","24297","7827","7827","1.160","","540","84","6.429","69.337","Normal","16.108","2","2","","14","11","0","4.950","39","24","0","7","3","0","","","","","5db4807f2ec1c80b7bd6033d5e83f32a","0.033","Thu, 30 Jul 2026 18:04:34 GMT","","","","en","1.1","","","","","","https://thefalcontour.com/blogs/usa/usa-faqs.html","2026-07-31 12:05:30"
"https://thefalcontour.com/blogs/australia/great-ocean-road.html","text/html","200","OK","Indexable","","Great Ocean Road Guide 2026 | Tips, Costs & Itinerary","53","472","","0","0","","0","Great Ocean Road Guide","22","Why Drive the Great Ocean Road","30","Key Stops","9","","","","https://thefalcontour.com/blogs/australia/great-ocean-road.html","","","","","","22817","7054","7054","1.045","","345","62","5.565","87.406","Easy","11.907","2","2","","13","11","0","4.950","38","23","0","7","3","0","","","","","17441d66baa5e37616001740314df525","0.113","Thu, 30 Jul 2026 18:04:38 GMT","","","","en","1.1","","","","","","https://thefalcontour.com/blogs/australia/great-ocean-road.html","2026-07-31 12:05:30"
"https://thefalcontour.com/assets/images/australia/australia-visa.jpg","image/jpeg","200","OK","Indexable","","","0","0","","0","0","","0","","0","","0","","0","","","","","","","","","","8168","8168","8168","1.210","","0","","","","","0.000","2","3","","0","0","0","0.000","0","0","0","0","0","0","","","","","","0.034","Thu, 30 Jul 2026 18:04:11 GMT","","","","","1.1","","","","","","https://thefalcontour.com/assets/images/australia/australia-visa.jpg","2026-07-31 12:05:30"
"https://thefalcontour.com/assets/images/usa/disney-world-guide.jpg","image/jpeg","200","OK","Indexable","","","0","0","","0","0","","0","","0","","0","","0","","","","","","","","","","38551","38551","38551","5.713","","0","","","","","0.000","2","3","","0","0","0","0.000","0","0","0","0","0","0","","","","","","0.030","Thu, 30 Jul 2026 18:03:12 GMT","","","","","1.1","","","","","","https://thefalcontour.com/assets/images/usa/disney-world-guide.jpg","2026-07-31 12:05:30"
"https://thefalcontour.com/blogs/usa/orlando-guide.html","text/html","200","OK","Indexable","","Orlando Guide 2026 | Theme Parks, Tips & Itinerary","50","447","Plan your Orlando trip — Disney World, Universal Studios, best time to visit, and how to split your time between Florida's theme park capital.","142","857","Orlando guide, Orlando theme parks, Orlando travel tips, Orlando itinerary","74","Orlando Guide","13","The Theme Park Capital","22","Best Time to Visit","18","","","","https://thefalcontour.com/blogs/usa/orlando-guide.html","","","","","","24314","7794","7794","1.155","","525","84","6.250","71.899","Fairly Easy","16.070","2","2","","14","11","0","4.950","39","24","0","7","3","0","","","","","f4bec56c101822f9e4ac98374f2be4e","0.111","Thu, 30 Jul 2026 18:04:34 GMT","","","","en","1.1","","","","","","https://thefalcontour.com/blogs/usa/orlando-guide.html","2026-07-31 12:05:30"
"https://thefalcontour.com/assets/images/japan/japan-travel-tips.jpg","image/jpeg","200","OK","Indexable","","","0","0","","0","0","","0","","0","","0","","0","","","","","","","","","","89802","89802","89802","13.309","","0","","","","","0.000","2","3","","0","0","0","0.000","0","0","0","0","0","0","","","","","","0.095","Thu, 30 Jul 2026 18:03:50 GMT","","","","","1.1","","","","","","https://thefalcontour.com/assets/images/japan/japan-travel-tips.jpg","2026-07-31 12:05:30"
"https://thefalcontour.com/blogs/usa/usa-family-guide.html","text/html","200","OK","Indexable","","USA Family Travel Guide 2026 | Best Destinations & Tips","55","496","Plan a family trip to the USA — best kid-friendly destinations, theme parks, national parks, and practical tips for travelling with children.","141","827","USA family travel, USA with kids, family friendly USA destinations, USA family vacation","87","USA Family Travel Guide","23","Best Family Destinations","24","Planning Around Kids' Needs","27","","","","https://thefalcontour.com/blogs/usa/usa-family-guide.html","","","","","","24530","7794","7794","1.155","","524","83","6.313","64.486","Normal","16.444","2","2","","15","12","0","5.410","39","24","0","7","3","0","","","","","ed9bfc123799b56da8ed9817785d2740","0.033","Thu, 30 Jul 2026 18:04:34 GMT","","","","en","1.1","","","","","","https://thefalcontour.com/blogs/usa/usa-family-guide.html","2026-07-31 12:05:30"
"https://thefalcontour.com/assets/images/europe/europe-train-travel-guide.jpg","image/jpeg","200","OK","Indexable","","","0","0","","0","0","","0","","0","","0","","0","","","","","","","","","","15134","15134","15134","2.243","","0","","","","","0.000","2","3","","0","0","0","0.000","0","0","0","0","0","0","","","","","","0.091","Thu, 30 Jul 2026 18:03:52 GMT","","","","","1.1","","","","","","https://thefalcontour.com/assets/images/europe/europe-train-travel-guide.jpg","2026-07-31 12:05:30"
"https://thefalcontour.com/blogs/japan/japan-faqs.html","text/html","200","OK","Indexable","","Japan Travel FAQs 2026 | Tips, Costs & Itinerary","48","424","","0","0","","0","Japan Travel FAQs","17","Common Questions About Visiting Japan","37","Do I Need to Speak Japanese","27","","","","https://thefalcontour.com/blogs/japan/japan-faqs.html","","","","","","22474","7013","7013","1.039","","295","61","4.836","71.442","Fairly Easy","11.133","2","2","","11","9","0","4.050","38","23","0","7","3","0","","","","","2f21bde65cc675b91e57457ad75a326e","0.100","Thu, 30 Jul 2026 18:04:35 GMT","","","","en","1.1","","","","","","https://thefalcontour.com/blogs/japan/japan-faqs.html","2026-07-31 12:05:30"
"https://thefalcontour.com/blogs/usa/route-66-guide.html","text/html","200","OK","Indexable","","Route 66 Road Trip Guide 2026 | Planning Your Drive","51","463","Plan a Route 66 road trip across America — key stops, how long it takes, best time to drive, and tips for the classic Chicago to LA route.","138","833","Route 66 road trip, Route 66 guide, historic Route 66, USA road trip planning","77","Route 66 Guide","14","The Route: Chicago to Los Angeles","33","Highlights Along the Way","24","","","","https://thefalcontour.com/blogs/usa/route-66-guide.html","","","","","","24673","7971","7971","1.181","","584","88","6.636","76.531","Fairly Easy","17.025","2","2","","15","12","0","5.410","39","24","0","7","3","0","","","","","49d79a51ad2f8490b182ee17cc37b0d5","0.035","Thu, 30 Jul 2026 18:04:34 GMT","","","","en","1.1","","","","","","https://thefalcontour.com/blogs/usa/route-66-guide.html","2026-07-31 12:05:30"
"https://thefalcontour.com/assets/images/netherlands/amsterdam-guide.jpg","image/jpeg","200","OK","Indexable","","","0","0","","0","0","","0","","0","","0","","0","","","","","","","","","","68465","68465","68465","10.147","","0","","","","","0.000","2","3","","0","0","0","0.000","0","0","0","0","0","0","","","","","","0.100","Thu, 30 Jul 2026 18:03:38 GMT","","","","","1.1","","","","","","https://thefalcontour.com/assets/images/netherlands/amsterdam-guide.jpg","2026-07-31 12:05:30"
"https://thefalcontour.com/blogs/new-zealand/nz-honeymoon-guide.html","text/html","200","OK","Indexable","","New Zealand Honeymoon Guide – Best Romantic Destinations","56","553","Discover the best New Zealand honeymoon destinations and experiences for couples, from Queenstown lake views to Milford Sound cruises.","134","873","New Zealand honeymoon guide, New Zealand honeymoon packages, romantic places in New Zealand, best honeymoon destinations New Zealand","132","New Zealand Honeymoon Guide: Most Romantic Destinations for Couples","67","Overview","8","Top Romantic Destinations","25","","","","https://thefalcontour.com/blogs/new-zealand/nz-honeymoon-guide.html","","","","","","23453","7290","7290","1.080","","376","65","5.785","69.339","Normal","13.059","2","2","","7","7","0","3.150","39","23","0","7","3","0","","","","","6e3bdbc755ece5a2905da6d1d31a6e45","0.102","Thu, 30 Jul 2026 18:04:35 GMT","","","","en","1.1","","","","","","https://thefalcontour.com/blogs/new-zealand/nz-honeymoon-guide.html","2026-07-31 12:05:30"
"https://thefalcontour.com/assets/images/europe/europe-itinerary.jpg","image/jpeg","200","OK","Indexable","","","0","0","","0","0","","0","","0","","0","","0","","","","","","","","","","64611","64611","64611","9.575","","0","","","","","0.000","2","3","","0","0","0","0.000","0","0","0","0","0","0","","","","","","0.037","Thu, 30 Jul 2026 18:03:52 GMT","","","","","1.1","","","","","","https://thefalcontour.com/assets/images/europe/europe-itinerary.jpg","2026-07-31 12:05:30"
"https://thefalcontour.com/assets/images/australia/australia-family-guide.jpg","image/jpeg","200","OK","Indexable","","","0","0","","0","0","","0","","0","","0","","0","","","","","","","","","","42903","42903","42903","6.358","","0","","","","","0.000","2","3","","0","0","0","0.000","0","0","0","0","0","0","","","","","","0.031","Thu, 30 Jul 2026 18:04:11 GMT","","","","","1.1","","","","","","https://thefalcontour.com/assets/images/australia/australia-family-guide.jpg","2026-07-31 12:05:30"
"https://thefalcontour.com/blogs/japan/japan-honeymoon-guide.html","text/html","200","OK","Indexable","","Japan Honeymoon Guide 2026 | Tips, Costs & Itinerary","52","480","","0","0","","0","Japan Honeymoon Guide","21","Why Japan for a Honeymoon","25","Romantic Destinations","21","","","","https://thefalcontour.com/blogs/japan/japan-honeymoon-guide.html","","","","","","22736","7052","7052","1.045","","324","64","5.062","66.180","Normal","11.955","2","2","","7","7","0","3.150","38","23","0","7","3","0","","","","","442dc14c825b68b4f2f0743279af0b76","0.026","Thu, 30 Jul 2026 18:04:35 GMT","","","","en","1.1","","","","","","https://thefalcontour.com/blogs/japan/japan-honeymoon-guide.html","2026-07-31 12:05:30"
"https://thefalcontour.com/assets/images/new-zealand/nz-trip-cost.jpg","image/jpeg","200","OK","Indexable","","","0","0","","0","0","","0","","0","","0","","0","","","","","","","","","","35091","35091","35091","5.200","","0","","","","","0.000","2","3","","0","0","0","0.000","0","0","0","0","0","0","","","","","","0.097","Thu, 30 Jul 2026 18:03:37 GMT","","","","","1.1","","","","","","https://thefalcontour.com/assets/images/new-zealand/nz-trip-cost.jpg","2026-07-31 12:05:30"
"https://thefalcontour.com/assets/images/australia/australia-food-guide.jpg","image/jpeg","200","OK","Indexable","","","0","0","","0","0","","0","","0","","0","","0","","","","","","","","","","47527","47527","47527","7.044","","0","","","","","0.000","2","3","","0","0","0","0.000","0","0","0","0","0","0","","","","","","0.027","Thu, 30 Jul 2026 18:04:11 GMT","","","","","1.1","","","","","","https://thefalcontour.com/assets/images/australia/australia-food-guide.jpg","2026-07-31 12:05:30"
"https://thefalcontour.com/assets/images/europe/schengen-visa-faqs.jpg","image/jpeg","200","OK","Indexable","","","0","0","","0","0","","0","","0","","0","","0","","","","","","","","","","7434","7434","7434","1.102","","0","","","","","0.000","2","3","","0","0","0","0.000","0","0","0","0","0","0","","","","","","0.130","Thu, 30 Jul 2026 18:03:53 GMT","","","","","1.1","","","","","","https://thefalcontour.com/assets/images/europe/schengen-visa-faqs.jpg","2026-07-31 12:05:30"
"https://thefalcontour.com/blogs/netherlands/amsterdam-guide.html","text/html","200","OK","Indexable","","Amsterdam Travel Guide – Canals, Museums & Best Itinerary | The Falcon Tour","75","697","Complete Amsterdam travel guide covering canal cruises, museums, neighborhoods and a 2-day itinerary for first-time visitors.","125","783","","0","Amsterdam Travel Guide: Canals, Museums & Best Itinerary","56","Why Visit Amsterdam","19","Top Things to Do","16","","","","https://thefalcontour.com/blogs/netherlands/amsterdam-guide.html","","","","","","23583","7374","7374","1.093","","355","69","5.145","73.641","Fairly Easy","12.276","2","2","","7","7","0","3.150","39","23","0","7","3","0","","","","","1a373c605c19c0efa3572a8db8575d1c","0.129","Thu, 30 Jul 2026 18:04:35 GMT","","","","en","1.1","","","","","","https://thefalcontour.com/blogs/netherlands/amsterdam-guide.html","2026-07-31 12:05:30"
"https://thefalcontour.com/assets/images/japan/japan-faqs.jpg","image/jpeg","200","OK","Indexable","","","0","0","","0","0","","0","","0","","0","","0","","","","","","","","","","50863","50863","50863","7.538","","0","","","","","0.000","2","3","","0","0","0","0.000","0","0","0","0","0","0","","","","","","0.158","Thu, 30 Jul 2026 18:03:48 GMT","","","","","1.1","","","","","","https://thefalcontour.com/assets/images/japan/japan-faqs.jpg","2026-07-31 12:05:30"
"https://thefalcontour.com/assets/images/japan/japan-family-guide.jpg","image/jpeg","200","OK","Indexable","","","0","0","","0","0","","0","","0","","0","","0","","","","","","","","","","54503","54503","54503","8.077","","0","","","","","0.000","2","3","","0","0","0","0.000","0","0","0","0","0","0","","","","","","0.039","Thu, 30 Jul 2026 18:03:48 GMT","","","","","1.1","","","","","","https://thefalcontour.com/assets/images/japan/japan-family-guide.jpg","2026-07-31 12:05:31"
"https://thefalcontour.com/assets/images/new-zealand/nz-travel-tips.jpg","image/jpeg","200","OK","Indexable","","","0","0","","0","0","","0","","0","","0","","0","","","","","","","","","","60480","60480","60480","8.963","","0","","","","","0.000","2","3","","0","0","0","0.000","0","0","0","0","0","0","","","","","","0.142","Thu, 30 Jul 2026 18:03:37 GMT","","","","","1.1","","","","","","https://thefalcontour.com/assets/images/new-zealand/nz-travel-tips.jpg","2026-07-31 12:05:31"
"https://thefalcontour.com/blogs/usa/yellowstone-guide.html","text/html","200","OK","Indexable","","Yellowstone National Park Guide 2026 | Geysers, Wildlife & Tips","63","557","Plan your Yellowstone trip — Old Faithful, wildlife watching, best time to visit, and how to see America's first national park.","127","751","Yellowstone guide, Yellowstone National Park tips, Old Faithful, when to visit Yellowstone","90","Yellowstone Guide","17","Geothermal Wonders","18","Wildlife Watching","17","","","","https://thefalcontour.com/blogs/usa/yellowstone-guide.html","","","","","","24792","7969","7969","1.181","","609","91","6.692","76.546","Fairly Easy","17.548","2","2","","12","9","0","4.050","39","24","0","7","3","0","","","","","b05e6a49201bcb76bcda2da5a32806c4","0.166","Thu, 30 Jul 2026 18:04:34 GMT","","","","en","1.1","","","","","","https://thefalcontour.com/blogs/usa/yellowstone-guide.html","2026-07-31 12:05:30"
"https://thefalcontour.com/blogs/europe/schengen-visa-faqs.html","text/html","200","OK","Indexable","","Schengen Visa FAQs – Common Questions Answered | The Falcon Tour","64","637","Answers to the most frequently asked questions about the Schengen visa, including validity, documents, rejection reasons and processing time.","141","891","","0","Schengen Visa FAQs: Your Questions Answered","43","What Countries Does It Cover","28","How Long Is It Valid For","24","","","","https://thefalcontour.com/blogs/europe/schengen-visa-faqs.html","","","","","","23394","7409","7409","1.098","","365","68","5.368","68.113","Normal","12.722","2","2","","9","9","0","4.050","40","25","0","7","3","0","","","","","d3c49fa6e32e73aae834187083e95166","0.052","Thu, 30 Jul 2026 18:04:37 GMT","","","","en","1.1","","","","","","https://thefalcontour.com/blogs/europe/schengen-visa-faqs.html","2026-07-31 12:05:31"
"https://thefalcontour.com/blogs/switzerland/interlaken-guide.html","text/html","200","OK","Indexable","","Interlaken Travel Guide – Adventure & Scenic Escapes | The Falcon Tour","70","638","Complete Interlaken travel guide covering adventure sports, lakes, mountain views and a 2-day itinerary in the Swiss Alps.","122","750","","0","Interlaken Travel Guide: Adventure & Scenic Escapes","51","Why Visit Interlaken","20","Top Things to Do","16","","","","https://thefalcontour.com/blogs/switzerland/interlaken-guide.html","","","","","","23539","7397","7397","1.096","","340","67","5.075","68.315","Normal","12.306","2","2","","10","9","0","4.050","39","23","0","7","3","0","","","","","a7759c4534846e9f4feb48d96cb8fbff","0.128","Thu, 30 Jul 2026 18:04:34 GMT","","","","en","1.1","","","","","","https://thefalcontour.com/blogs/switzerland/interlaken-guide.html","2026-07-31 12:05:31"
"https://thefalcontour.com/blogs/australia/best-time-to-visit-australia.html","text/html","200","OK","Indexable","","Best Time to Visit Australia 2026 | Tips, Costs & Itinerary","59","495","","0","0","","0","Best Time to Visit Australia","28","Australia's Seasons Are Reversed","32","East Coast (Sydney, Melbourne, Brisbane)","40","","","","https://thefalcontour.com/blogs/australia/best-time-to-visit-australia.html","","","","","","22937","7143","7143","1.059","","339","62","5.468","69.519","Normal","12.254","2","2","","18","15","0","6.760","38","23","0","7","3","0","","","","","98c20587cfdb348fbb564a99b02143c9","0.026","Thu, 30 Jul 2026 18:04:38 GMT","","","","en","1.1","","","","","","https://thefalcontour.com/blogs/australia/best-time-to-visit-australia.html","2026-07-31 12:05:31"
"https://thefalcontour.com/blogs/usa/usa-travel-tips.html","text/html","200","OK","Indexable","","USA Travel Tips 2026 | What to Know Before You Go","49","461","Practical USA travel tips covering tipping, transport, safety, money and etiquette to help first-time visitors travel with confidence.","134","790","USA travel tips, first time USA trip, America travel advice, USA travel etiquette","81","USA Travel Tips","15","Money Matters","13","Getting Around","14","","","","https://thefalcontour.com/blogs/usa/usa-travel-tips.html","","","","","","24260","7772","7772","1.152","","510","83","6.145","64.077","Normal","15.986","2","2","","19","16","0","7.210","39","24","0","7","3","0","","","","","5e0f72f4d1b5bb3a52944a5ce03b8f38","0.105","Thu, 30 Jul 2026 18:04:34 GMT","","","","en","1.1","","","","","","https://thefalcontour.com/blogs/usa/usa-travel-tips.html","2026-07-31 12:05:31"
"https://thefalcontour.com/blogs/europe/europe-train-travel-guide.html","text/html","200","OK","Indexable","","Europe Train Travel Guide – Rail Passes & Best Routes | The Falcon Tour","71","639","Complete guide to train travel in Europe covering rail passes, scenic routes, booking tips and how to plan a multi-country rail trip.","133","794","","0","Europe Train Travel Guide: Rail Passes & Best Scenic Routes","59","Understanding Rail Passes","25","Best Scenic Routes","18","","","","https://thefalcontour.com/blogs/europe/europe-train-travel-guide.html","","","","","","23479","7435","7435","1.102","","374","69","5.420","71.945","Fairly Easy","12.952","2","2","","12","10","0","4.500","40","25","0","7","3","0","","","","","8b8a4b39a9a4cf8b7f621cf567c465d1","0.119","Thu, 30 Jul 2026 18:04:37 GMT","","","","en","1.1","","","","","","https://thefalcontour.com/blogs/europe/europe-train-travel-guide.html","2026-07-31 12:05:31"
"https://thefalcontour.com/assets/images/usa/usa-trip-cost.jpg","image/jpeg","200","OK","Indexable","","","0","0","","0","0","","0","","0","","0","","0","","","","","","","","","","38065","38065","38065","5.641","","0","","","","","0.000","2","3","","0","0","0","0.000","0","0","0","0","0","0","","","","","","0.127","Thu, 30 Jul 2026 18:03:20 GMT","","","","","1.1","","","","","","https://thefalcontour.com/assets/images/usa/usa-trip-cost.jpg","2026-07-31 12:05:31"
"https://thefalcontour.com/assets/images/japan/japan-shopping-guide.jpg","image/jpeg","200","OK","Indexable","","","0","0","","0","0","","0","","0","","0","","0","","","","","","","","","","15627","15627","15627","2.316","","0","","","","","0.000","2","3","","0","0","0","0.000","0","0","0","0","0","0","","","","","","0.028","Thu, 30 Jul 2026 18:03:49 GMT","","","","","1.1","","","","","","https://thefalcontour.com/assets/images/japan/japan-shopping-guide.jpg","2026-07-31 12:05:31"
"https://thefalcontour.com/blogs/europe/best-time-to-visit-europe.html","text/html","200","OK","Indexable","","Best Time to Visit Europe – Season-Wise Travel Guide | The Falcon Tour","70","634","Find out the best time to visit Europe by season, including weather, crowd levels and prices for spring, summer, autumn and winter trips.","137","841","","0","Best Time to Visit Europe: A Season-by-Season Guide","51","Spring (March–May)","18","Summer (June–August)","20","","","","https://thefalcontour.com/blogs/europe/best-time-to-visit-europe.html","","","","","","23596","7473","7473","1.107","","386","70","5.514","73.242","Fairly Easy","13.331","2","2","","12","10","0","4.500","40","24","0","7","3","0","","","","","97eb9e3bd65bb2de6dbd9e7d9c6fffeb","0.029","Thu, 30 Jul 2026 18:04:36 GMT","","","","en","1.1","","","","","","https://thefalcontour.com/blogs/europe/best-time-to-visit-europe.html","2026-07-31 12:05:31"
"https://thefalcontour.com/assets/images/france/paris-travel-guide.jpg","image/jpeg","200","OK","Indexable","","","0","0","","0","0","","0","","0","","0","","0","","","","","","","","","","311019","311019","311019","46.093","","0","","","","","0.000","2","3","","0","0","0","0.000","0","0","0","0","0","0","","","","","","0.050","Thu, 30 Jul 2026 18:03:51 GMT","","","","","1.1","","","","","","https://thefalcontour.com/assets/images/france/paris-travel-guide.jpg","2026-07-31 12:05:31"
"https://thefalcontour.com/blogs/austria/hallstatt-guide.html","text/html","200","OK","Indexable","","Hallstatt Travel Guide – Best Places to Visit & Photo Spots | The Falcon Tour","77","673","Complete Hallstatt travel guide covering the lakeside village, salt mines, viewpoints and a 1-day itinerary.","108","644","","0","Hallstatt Travel Guide: Best Places to Visit & Photo Spots","58","Why Visit Hallstatt","19","Top Things to Do","16","","","","https://thefalcontour.com/blogs/austria/hallstatt-guide.html","","","","","","23530","7385","7385","1.094","","365","69","5.290","81.172","Easy","12.383","2","2","","12","10","0","4.500","39","23","0","7","3","0","","","","","8eeb4d4a447fadeca7d92642271ddf7e","0.057","Thu, 30 Jul 2026 18:04:37 GMT","","","","en","1.1","","","","","","https://thefalcontour.com/blogs/austria/hallstatt-guide.html","2026-07-31 12:05:31"
"https://thefalcontour.com/blogs/italy/venice-guide.html","text/html","200","OK","Indexable","","Venice Travel Guide – Canals, Gondolas & Best Itinerary | The Falcon Tour","73","649","Complete Venice travel guide covering canal rides, St. Mark's Square, hidden gems and a 2-day itinerary for first-time visitors.","128","769","","0","Venice Travel Guide: Canals, Gondolas & Best Itinerary","54","Why Visit Venice","16","Top Things to Do","16","","","","https://thefalcontour.com/blogs/italy/venice-guide.html","","","","","","23596","7432","7432","1.101","","373","71","5.254","70.634","Fairly Easy","12.657","2","2","","9","8","0","3.600","39","23","0","7","3","0","","","","","555bd2ff25c50c5a4ea27e69eb300ffc","0.066","Thu, 30 Jul 2026 18:04:36 GMT","","","","en","1.1","","","","","","https://thefalcontour.com/blogs/italy/venice-guide.html","2026-07-31 12:05:31"
"https://thefalcontour.com/blogs/france/paris-travel-guide.html","text/html","200","OK","Indexable","","Paris Travel Guide – Top Attractions, Tips & Itinerary | The Falcon Tour","72","620","Complete Paris travel guide covering the Eiffel Tower, Louvre, best neighborhoods, food and a 3-day itinerary for first-time visitors.","134","802","","0","Paris Travel Guide: Top Attractions & 3-Day Itinerary","53","Why Visit Paris","15","Top Attractions","15","","","","https://thefalcontour.com/blogs/france/paris-travel-guide.html","","","","","","23736","7482","7482","1.109","","378","76","4.974","76.006","Fairly Easy","12.896","2","2","","23","22","0","9.910","39","23","0","7","3","0","","","","","52bd3ead1c9a6ee1ee0ff92b5af6a1b1","0.066","Thu, 30 Jul 2026 18:04:36 GMT","","","","en","1.1","","","","","","https://thefalcontour.com/blogs/france/paris-travel-guide.html","2026-07-31 12:05:31"
"https://thefalcontour.com/blogs/usa/east-coast-vs-west-coast.html","text/html","200","OK","Indexable","","East Coast vs West Coast USA | Which Should You Visit?","54","498","East Coast or West Coast — compare cities, road trips, weather, food and vibe to help you decide which side of the USA suits your trip.","135","827","east coast vs west coast USA, USA road trip, which coast to visit USA","69","East Coast vs West Coast","24","The Big Picture","15","Cities and Culture","18","","","","https://thefalcontour.com/blogs/usa/east-coast-vs-west-coast.html","","","","","","24581","7940","7940","1.177","","579","95","6.095","82.004","Easy","16.918","2","2","","16","13","0","5.860","39","24","0","7","3","0","","","","","71aa87a330c75be7b62a5b204361c069","0.051","Thu, 30 Jul 2026 18:04:33 GMT","","","","en","1.1","","","","","","https://thefalcontour.com/blogs/usa/east-coast-vs-west-coast.html","2026-07-31 12:05:31"
"https://thefalcontour.com/assets/images/europe/europe-travel-guide.jpg","image/jpeg","200","OK","Indexable","","","0","0","","0","0","","0","","0","","0","","0","","","","","","","","","","38313","38313","38313","5.678","","0","","","","","0.000","2","3","","0","0","0","0.000","0","0","0","0","0","0","","","","","","0.159","Thu, 30 Jul 2026 18:03:52 GMT","","","","","1.1","","","","","","https://thefalcontour.com/assets/images/europe/europe-travel-guide.jpg","2026-07-31 12:05:31"
"https://thefalcontour.com/blogs/usa/best-time-to-visit-usa.html","text/html","200","OK","Indexable","","Best Time to Visit USA 2026 | Season-by-Season Guide","52","481","Find the best time to visit the USA by region and season — weather, crowds, prices and top months for national parks, cities and beaches.","137","849","best time to visit USA, USA weather guide, when to visit America, USA travel seasons","84","Best Time to Visit USA","22","Why Timing Matters in the USA","29","Spring (March–May)","18","","","","https://thefalcontour.com/blogs/usa/best-time-to-visit-usa.html","","","","","","25224","8171","8171","1.211","","643","103","6.243","72.612","Fairly Easy","18.329","2","2","","19","15","0","6.760","40","24","0","7","3","0","","","","","d8833cc2f98f1470bae5c43d33e66771","0.142","Thu, 30 Jul 2026 18:04:33 GMT","","","","en","1.1","","","","","","https://thefalcontour.com/blogs/usa/best-time-to-visit-usa.html","2026-07-31 12:05:31"
"https://thefalcontour.com/blogs/new-zealand/nz-trip-cost.html","text/html","200","OK","Indexable","","New Zealand Trip Cost 2025 – Budget Breakdown for Indian Travelers","66","618","Detailed New Zealand trip cost breakdown including flights, visa, hotels, food and activities for a 10-day holiday from India.","126","757","New Zealand trip cost, New Zealand tour package price, New Zealand trip budget, cost of New Zealand trip from India","115","New Zealand Trip Cost: Complete Budget Breakdown","48","Overview","8","Flight Costs","12","","","","https://thefalcontour.com/blogs/new-zealand/nz-trip-cost.html","","","","","","23346","7267","7267","1.077","","363","68","5.338","77.663","Fairly Easy","12.819","2","2","","7","7","0","3.150","39","23","0","7","3","0","","","","","e895407f01db3fbc5e3f4427bf3b8fb4","0.032","Thu, 30 Jul 2026 18:04:35 GMT","","","","en","1.1","","","","","","https://thefalcontour.com/blogs/new-zealand/nz-trip-cost.html","2026-07-31 12:05:31"
"https://thefalcontour.com/assets/images/usa/usa-packing-guide.jpg","image/jpeg","200","OK","Indexable","","","0","0","","0","0","","0","","0","","0","","0","","","","","","","","","","20536","20536","20536","3.043","","0","","","","","0.000","2","3","","0","0","0","0.000","0","0","0","0","0","0","","","","","","0.033","Thu, 30 Jul 2026 18:03:20 GMT","","","","","1.1","","","","","","https://thefalcontour.com/assets/images/usa/usa-packing-guide.jpg","2026-07-31 12:05:31"
"https://thefalcontour.com/blogs/australia/brisbane-guide.html","text/html","200","OK","Indexable","","Brisbane Guide 2026 | Tips, Costs & Itinerary","45","390","","0","0","","0","Brisbane Guide","14","Why Visit Brisbane","18","Top Things to Do","16","","","","https://thefalcontour.com/blogs/australia/brisbane-guide.html","","","","","","22834","7176","7176","1.063","","352","65","5.415","85.494","Easy","12.161","2","2","","10","9","0","4.050","38","23","0","7","3","0","","","","","a013dacf77c424fb577c03f381949298","0.034","Thu, 30 Jul 2026 18:04:38 GMT","","","","en","1.1","","","","","","https://thefalcontour.com/blogs/australia/brisbane-guide.html","2026-07-31 12:05:31"
"https://thefalcontour.com/assets/images/europe/europe-trip-cost.jpg","image/jpeg","200","OK","Indexable","","","0","0","","0","0","","0","","0","","0","","0","","","","","","","","","","81832","81832","81832","12.128","","0","","","","","0.000","2","3","","0","0","0","0.000","0","0","0","0","0","0","","","","","","0.119","Thu, 30 Jul 2026 18:03:52 GMT","","","","","1.1","","","","","","https://thefalcontour.com/assets/images/europe/europe-trip-cost.jpg","2026-07-31 12:05:31"
"https://thefalcontour.com/assets/images/new-zealand/nz-food-guide.jpg","image/jpeg","200","OK","Indexable","","","0","0","","0","0","","0","","0","","0","","0","","","","","","","","","","38140","38140","38140","5.652","","0","","","","","0.000","2","3","","0","0","0","0.000","0","0","0","0","0","0","","","","","","0.033","Thu, 30 Jul 2026 18:03:37 GMT","","","","","1.1","","","","","","https://thefalcontour.com/assets/images/new-zealand/nz-food-guide.jpg","2026-07-31 12:05:31"
"https://thefalcontour.com/blogs/new-zealand/rotorua-guide.html","text/html","200","OK","Indexable","","Rotorua Travel Guide – Geothermal Wonders & Maori Culture","57","537","Complete Rotorua travel guide covering geothermal parks, Maori culture, hot springs and a 2-day itinerary.","106","653","Rotorua travel guide, things to do in Rotorua, Rotorua itinerary, Rotorua tourist attractions","93","Rotorua Travel Guide: Geothermal Wonders & Maori Culture","56","Overview","8","Top Attractions","15","","","","https://thefalcontour.com/blogs/new-zealand/rotorua-guide.html","","","","","","23353","7262","7262","1.076","","383","69","5.551","73.528","Fairly Easy","13.010","2","2","","11","9","0","4.050","39","23","0","7","3","0","","","","","2587eef39bd7618b3f3478426648ec50","0.029","Thu, 30 Jul 2026 18:04:35 GMT","","","","en","1.1","","","","","","https://thefalcontour.com/blogs/new-zealand/rotorua-guide.html","2026-07-31 12:05:31"
"https://thefalcontour.com/blogs/japan/tokyo-guide.html","text/html","200","OK","Indexable","","Tokyo Guide 2026 | Tips, Costs & Itinerary","42","366","","0","0","","0","Tokyo Guide","11","Why Visit Tokyo","15","Top Things to Do","16","","","","https://thefalcontour.com/blogs/japan/tokyo-guide.html","","","","","","22699","7162","7162","1.061","","333","64","5.203","70.970","Fairly Easy","12.005","2","2","","18","14","0","6.310","38","24","0","7","3","0","","","","","77bb70b28e46a39b6927c95cf3400141","0.095","Thu, 30 Jul 2026 18:04:36 GMT","","","","en","1.1","","","","","","https://thefalcontour.com/blogs/japan/tokyo-guide.html","2026-07-31 12:05:31"
"https://thefalcontour.com/assets/images/usa/east-coast-vs-west-coast.jpg","image/jpeg","200","OK","Indexable","","","0","0","","0","0","","0","","0","","0","","0","","","","","","","","","","49590","49590","49590","7.349","","0","","","","","0.000","2","3","","0","0","0","0.000","0","0","0","0","0","0","","","","","","0.058","Thu, 30 Jul 2026 18:03:15 GMT","","","","","1.1","","","","","","https://thefalcontour.com/assets/images/usa/east-coast-vs-west-coast.jpg","2026-07-31 12:05:31"
"https://thefalcontour.com/assets/images/usa/usa-family-guide.jpg","image/jpeg","200","OK","Indexable","","","0","0","","0","0","","0","","0","","0","","0","","","","","","","","","","30577","30577","30577","4.532","","0","","","","","0.000","2","3","","0","0","0","0.000","0","0","0","0","0","0","","","","","","0.113","Thu, 30 Jul 2026 18:03:19 GMT","","","","","1.1","","","","","","https://thefalcontour.com/assets/images/usa/usa-family-guide.jpg","2026-07-31 12:05:31"
"https://thefalcontour.com/blogs/austria/vienna-guide.html","text/html","200","OK","Indexable","","Vienna Travel Guide – Palaces, Music & Best Itinerary | The Falcon Tour","71","629","Complete Vienna travel guide covering Schönbrunn Palace, classical music, cafes and a 2-day itinerary for first-time visitors.","126","764","","0","Vienna Travel Guide: Palaces, Music & Best Itinerary","52","Why Visit Vienna","16","Top Things to Do","16","","","","https://thefalcontour.com/blogs/austria/vienna-guide.html","","","","","","23495","7429","7429","1.101","","339","72","4.708","68.792","Normal","12.233","2","2","","11","9","0","4.050","39","23","0","7","3","0","","","","","712f47a0bcd3b8dfb9da8b363a6ad292","0.113","Thu, 30 Jul 2026 18:04:37 GMT","","","","en","1.1","","","","","","https://thefalcontour.com/blogs/austria/vienna-guide.html","2026-07-31 12:05:31"
"https://thefalcontour.com/blogs/switzerland/swiss-alps-guide.html","text/html","200","OK","Indexable","","Swiss Alps Guide – Best Places to Visit & Things to Do | The Falcon Tour","72","638","Complete Swiss Alps travel guide covering top destinations, scenic train rides, hiking trails and best time to visit.","117","695","","0","Swiss Alps Guide: Best Places to Visit & Things to Do","53","Why Visit the Swiss Alps","24","Top Destinations","16","","","","https://thefalcontour.com/blogs/switzerland/swiss-alps-guide.html","","","","","","23615","7366","7366","1.092","","352","71","4.958","72.980","Fairly Easy","12.596","2","2","","12","10","0","4.500","39","23","0","7","3","0","","","","","ed08b1a4f4309d0dc1ad257253c23469","0.040","Thu, 30 Jul 2026 18:04:34 GMT","","","","en","1.1","","","","","","https://thefalcontour.com/blogs/switzerland/swiss-alps-guide.html","2026-07-31 12:05:31"
"https://thefalcontour.com/blogs/new-zealand/new-zealand-travel-guide.html","text/html","200","OK","Indexable","","New Zealand Travel Guide 2025 – Plan Your Perfect Trip","54","498","Complete New Zealand travel guide covering visas, budget, best time to visit, itineraries and top destinations for first-time travelers.","136","810","New Zealand travel guide, New Zealand trip planning, New Zealand tour packages, first time New Zealand travel","109","New Zealand Travel Guide: Everything You Need to Plan Your Trip","63","Overview","8","Why Visit New Zealand","21","","","","https://thefalcontour.com/blogs/new-zealand/new-zealand-travel-guide.html","","","","","","23522","7339","7339","1.088","","386","70","5.514","71.489","Fairly Easy","13.469","2","2","","41","24","0","10.810","39","23","0","7","3","0","","","","","4a1f293128dc7f7b4094b8dccdf6f561","0.032","Thu, 30 Jul 2026 18:04:35 GMT","","","","en","1.1","","","","","","https://thefalcontour.com/blogs/new-zealand/new-zealand-travel-guide.html","2026-07-31 12:05:31"
"https://thefalcontour.com/blogs/japan/kyoto-guide.html","text/html","200","OK","Indexable","","Kyoto Guide 2026 | Tips, Costs & Itinerary","42","363","","0","0","","0","Kyoto Guide","11","Why Visit Kyoto","15","Top Things to Do","16","","","","https://thefalcontour.com/blogs/japan/kyoto-guide.html","","","","","","22738","7124","7124","1.056","","335","65","5.154","70.032","Fairly Easy","12.117","2","2","","16","12","0","5.410","38","23","0","7","3","0","","","","","bac2962942412346ceb4f211a3905291","0.133","Thu, 30 Jul 2026 18:04:36 GMT","","","","en","1.1","","","","","","https://thefalcontour.com/blogs/japan/kyoto-guide.html","2026-07-31 12:05:31"
"https://thefalcontour.com/blogs/czech-republic/prague-guide.html","text/html","200","OK","Indexable","","Prague Travel Guide – Old Town, Castle & Best Itinerary | The Falcon Tour","73","648","Complete Prague travel guide covering Prague Castle, Old Town Square, food and a 2-day itinerary for first-time visitors.","121","737","","0","Prague Travel Guide: Old Town, Castle & Best Itinerary","54","Why Visit Prague","16","Top Things to Do","16","","","","https://thefalcontour.com/blogs/czech-republic/prague-guide.html","","","","","","23585","7459","7459","1.105","","367","71","5.169","79.875","Fairly Easy","12.345","2","2","","9","8","0","3.600","39","23","0","7","3","0","","","","","101a1b9a631c677f440ce0dc892ea2e","0.036","Thu, 30 Jul 2026 18:04:37 GMT","","","","en","1.1","","","","","","https://thefalcontour.com/blogs/czech-republic/prague-guide.html","2026-07-31 12:05:31"
"https://thefalcontour.com/assets/images/switzerland/interlaken-guide.jpg","image/jpeg","200","OK","Indexable","","","0","0","","0","0","","0","","0","","0","","0","","","","","","","","","","47760","47760","47760","7.078","","0","","","","","0.000","2","3","","0","0","0","0.000","0","0","0","0","0","0","","","","","","0.089","Thu, 30 Jul 2026 18:03:27 GMT","","","","","1.1","","","","","","https://thefalcontour.com/assets/images/switzerland/interlaken-guide.jpg","2026-07-31 12:05:31"
"https://thefalcontour.com/blogs/europe/northern-lights-guide.html","text/html","200","OK","Indexable","","Northern Lights Guide – Best Places & Time to See Aurora | The Falcon Tour","74","671","Complete guide to seeing the Northern Lights in Europe, including best destinations, timing and photography tips.","113","705","","0","Northern Lights Guide: Best Places & Time to See the Aurora","59","Best Destinations","17","Best Time to See Them","21","","","","https://thefalcontour.com/blogs/europe/northern-lights-guide.html","","","","","","23476","7438","7438","1.102","","382","69","5.536","72.765","Fairly Easy","13.035","2","2","","10","9","0","4.050","40","25","0","7","3","0","","","","","5f3c7ade5e68b9c4199b012b3027f02c","0.030","Thu, 30 Jul 2026 18:04:37 GMT","","","","en","1.1","","","","","","https://thefalcontour.com/blogs/europe/northern-lights-guide.html","2026-07-31 12:05:31"
"https://thefalcontour.com/assets/images/usa/usa-food-guide.jpg","image/jpeg","200","OK","Indexable","","","0","0","","0","0","","0","","0","","0","","0","","","","","","","","","","42305","42305","42305","6.270","","0","","","","","0.000","2","3","","0","0","0","0.000","0","0","0","0","0","0","","","","","","0.031","Thu, 30 Jul 2026 18:03:20 GMT","","","","","1.1","","","","","","https://thefalcontour.com/assets/images/usa/usa-food-guide.jpg","2026-07-31 12:05:31"
"https://thefalcontour.com/assets/images/activities/adventure-activities.jpg","image/jpeg","200","OK","Indexable","","","0","0","","0","0","","0","","0","","0","","0","","","","","","","","","","544730","544730","544730","80.729","","0","","","","","0.000","2","3","","0","0","0","0.000","0","0","0","0","0","0","","","","","","0.030","Thu, 30 Jul 2026 18:04:15 GMT","","","","","1.1","","","","","","https://thefalcontour.com/assets/images/activities/adventure-activities.jpg","2026-07-31 12:05:31"
"https://thefalcontour.com/blogs/usa/miami-guide.html","text/html","200","OK","Indexable","","Miami Guide 2026 | Beaches, Neighborhoods & Best Time to Visit","62","574","Plan your Miami trip — South Beach, Wynwood, the Everglades, best time to visit, and tips on getting around Florida's most colorful city.","137","835","Miami guide, Miami travel tips, South Beach, best time to visit Miami","69","Miami Guide","11","South Beach and Miami's Neighborhoods","37","Best Time to Visit","18","","","","https://thefalcontour.com/blogs/usa/miami-guide.html","","","","","","24361","7851","7851","1.164","","518","84","6.167","68.613","Normal","15.964","2","2","","14","11","0","4.950","39","24","0","7","3","0","","","","","75a29b475a23295e1a1c407d44d1c62f","0.088","Thu, 30 Jul 2026 18:04:33 GMT","","","","en","1.1","","","","","","https://thefalcontour.com/blogs/usa/miami-guide.html","2026-07-31 12:05:31"
"https://thefalcontour.com/assets/images/europe/europe-family-trip-guide.jpg","image/jpeg","200","OK","Indexable","","","0","0","","0","0","","0","","0","","0","","0","","","","","","","","","","11810","11810","11810","1.750","","0","","","","","0.000","2","3","","0","0","0","0.000","0","0","0","0","0","0","","","","","","0.026","Thu, 30 Jul 2026 18:03:51 GMT","","","","","1.1","","","","","","https://thefalcontour.com/assets/images/europe/europe-family-trip-guide.jpg","2026-07-31 12:05:31"
"https://thefalcontour.com/assets/images/europe/europe-travel-tips.webp","image/webp","200","OK","Indexable","","","0","0","","0","0","","0","","0","","0","","0","","","","","","","","","","40762","40762","40762","6.041","","0","","","","","0.000","2","3","","0","0","0","0.000","0","0","0","0","0","0","","","","","","0.030","Thu, 30 Jul 2026 18:03:52 GMT","","","","","1.1","","","","","","https://thefalcontour.com/assets/images/europe/europe-travel-tips.webp","2026-07-31 12:05:31"
"https://thefalcontour.com/blogs/australia/australia-visa.html","text/html","200","OK","Indexable","","Australia Visa Guide 2026 | Tips, Costs & Itinerary","51","433","","0","0","","0","Australia Visa Guide","20","Visa Overview","13","How to Apply","12","","","","https://thefalcontour.com/blogs/australia/australia-visa.html","","","","","","22692","7019","7019","1.040","","316","64","4.938","66.356","Normal","11.643","2","2","","11","9","0","4.050","38","23","0","7","3","0","","","","","1f4187d4751723b6cea566705126635e","0.112","Thu, 30 Jul 2026 18:04:37 GMT","","","","en","1.1","","","","","","https://thefalcontour.com/blogs/australia/australia-visa.html","2026-07-31 12:05:31"
"https://thefalcontour.com/blogs/japan/japan-travel-guide.html","text/html","200","OK","Indexable","","Japan Travel Guide 2026 | Tips, Costs & Itinerary","49","427","","0","0","","0","Japan Travel Guide","18","Planning a Trip to Japan","24","Getting Around","14","","","","https://thefalcontour.com/blogs/japan/japan-travel-guide.html","","","","","","22570","7031","7031","1.042","","305","62","4.919","69.533","Normal","11.374","2","2","","43","25","0","11.260","38","23","0","7","3","0","","","","","83e28f9ca5954c4077d6cd36ecd173a","0.106","Thu, 30 Jul 2026 18:04:35 GMT","","","","en","1.1","","","","","","https://thefalcontour.com/blogs/japan/japan-travel-guide.html","2026-07-31 12:05:31"
"https://thefalcontour.com/blogs/new-zealand/nz-food-guide.html","text/html","200","OK","Indexable","","New Zealand Food Guide – Must-Try Dishes & Local Cuisine","56","529","Explore New Zealand's must-try dishes, from hangi feasts to fresh seafood and pavlova, in this complete food guide.","115","718","New Zealand food guide, New Zealand cuisine, must try food in New Zealand, New Zealand local dishes","99","New Zealand Food Guide: Must-Try Dishes & Local Cuisine","55","Overview","8","Traditional Maori Hangi","23","","","","https://thefalcontour.com/blogs/new-zealand/nz-food-guide.html","","","","","","23435","7358","7358","1.090","","381","67","5.687","70.277","Fairly Easy","13.256","2","2","","11","9","0","4.050","39","23","0","7","3","0","","","","","6da8aa006683d19b87f7ede9b07414b2","0.105","Thu, 30 Jul 2026 18:04:35 GMT","","","","en","1.1","","","","","","https://thefalcontour.com/blogs/new-zealand/nz-food-guide.html","2026-07-31 12:05:31"
"https://thefalcontour.com/blogs/australia/australia-shopping-guide.html","text/html","200","OK","Indexable","","Australia Shopping Guide 2026 | Tips, Costs & Itinerary","55","480","","0","0","","0","Australia Shopping Guide","24","Shopping in Australia","21","What to Buy","11","","","","https://thefalcontour.com/blogs/australia/australia-shopping-guide.html","","","","","","22660","7006","7006","1.038","","296","60","4.933","66.925","Normal","11.445","2","2","","9","8","0","3.600","38","23","0","7","3","0","","","","","555b2cb2a29147a83bc52e548fd7ab25","0.097","Thu, 30 Jul 2026 18:04:37 GMT","","","","en","1.1","","","","","","https://thefalcontour.com/blogs/australia/australia-shopping-guide.html","2026-07-31 12:05:31"
"https://thefalcontour.com/assets/images/new-zealand/best-time-to-visit-nz.jpg","image/jpeg","200","OK","Indexable","","","0","0","","0","0","","0","","0","","0","","0","","","","","","","","","","30849","30849","30849","4.572","","0","","","","","0.000","2","3","","0","0","0","0.000","0","0","0","0","0","0","","","","","","0.093","Thu, 30 Jul 2026 18:03:37 GMT","","","","","1.1","","","","","","https://thefalcontour.com/assets/images/new-zealand/best-time-to-visit-nz.jpg","2026-07-31 12:05:31"
"https://thefalcontour.com/blogs/japan/japan-rail-pass-guide.html","text/html","200","OK","Indexable","","Japan Rail Pass Guide 2026 | Tips, Costs & Itinerary","52","452","","0","0","","0","Japan Rail Pass Guide","21","What is the Japan Rail Pass","27","Is It Worth It","14","","","","https://thefalcontour.com/blogs/japan/japan-rail-pass-guide.html","","","","","","22706","7066","7066","1.047","","329","63","5.222","73.992","Fairly Easy","11.843","2","2","","13","11","0","4.950","38","23","0","7","3","0","","","","","fb93e60c6597042400a399aefe38e54b","0.029","Thu, 30 Jul 2026 18:04:35 GMT","","","","en","1.1","","","","","","https://thefalcontour.com/blogs/japan/japan-rail-pass-guide.html","2026-07-31 12:05:31"
"https://thefalcontour.com/blogs/new-zealand/adventure-activities.html","text/html","200","OK","Indexable","","New Zealand Adventure Activities Guide – Bungee, Skydiving & More","65","607","Complete guide to New Zealand's best adventure activities including bungee jumping, skydiving, jet boating and hiking.","118","737","New Zealand adventure activities, adventure sports New Zealand, bungee jumping New Zealand, things to do in Queenstown adventure","128","New Zealand Adventure Activities: Bungee, Skydiving & More","58","Overview","8","Bungee Jumping","14","","","","https://thefalcontour.com/blogs/new-zealand/adventure-activities.html","","","","","","23753","7490","7490","1.110","","438","74","5.919","77.790","Fairly Easy","14.229","2","2","","19","13","0","5.860","39","23","0","7","3","0","","","","","3833cdfd306305aa5dcca58030a9548e","0.030","Thu, 30 Jul 2026 18:04:34 GMT","","","","en","1.1","","","","","","https://thefalcontour.com/blogs/new-zealand/adventure-activities.html","2026-07-31 12:05:31"
"https://thefalcontour.com/blogs/australia/australia-budget.html","text/html","200","OK","Indexable","","Australia Trip Budget 2026 | Tips, Costs & Itinerary","52","443","","0","0","","0","Australia Trip Budget","21","How Much Does Australia Cost","28","Accommodation","13","","","","https://thefalcontour.com/blogs/australia/australia-budget.html","","","","","","22993","7160","7160","1.061","","349","68","5.132","68.544","Normal","12.584","2","2","","16","12","0","5.410","38","23","0","7","3","0","","","","","bddc40b5322dd556411e96b5b7e78333","0.035","Thu, 30 Jul 2026 18:04:37 GMT","","","","en","1.1","","","","","","https://thefalcontour.com/blogs/australia/australia-budget.html","2026-07-31 12:05:31"
"https://thefalcontour.com/assets/images/usa/usa-honeymoon-guide.jpg","image/jpeg","200","OK","Indexable","","","0","0","","0","0","","0","","0","","0","","0","","","","","","","","","","60005","60005","60005","8.893","","0","","","","","0.000","2","3","","0","0","0","0.000","0","0","0","0","0","0","","","","","","0.030","Thu, 30 Jul 2026 18:03:20 GMT","","","","","1.1","","","","","","https://thefalcontour.com/assets/images/usa/usa-honeymoon-guide.jpg","2026-07-31 12:05:31"
"https://thefalcontour.com/assets/images/australia/australia-travel-tips.jpg","image/jpeg","200","OK","Indexable","","","0","0","","0","0","","0","","0","","0","","0","","","","","","","","","","10395","10395","10395","1.541","","0","","","","","0.000","2","3","","0","0","0","0.000","0","0","0","0","0","0","","","","","","0.027","Thu, 30 Jul 2026 18:04:11 GMT","","","","","1.1","","","","","","https://thefalcontour.com/assets/images/australia/australia-travel-tips.jpg","2026-07-31 12:05:31"
"https://thefalcontour.com/assets/images/new-zealand/new-zealand-visa.jpg","image/jpeg","200","OK","Indexable","","","0","0","","0","0","","0","","0","","0","","0","","","","","","","","","","12521","12521","12521","1.856","","0","","","","","0.000","2","3","","0","0","0","0.000","0","0","0","0","0","0","","","","","","0.026","Thu, 30 Jul 2026 18:03:37 GMT","","","","","1.1","","","","","","https://thefalcontour.com/assets/images/new-zealand/new-zealand-visa.jpg","2026-07-31 12:05:31"
"https://thefalcontour.com/blogs/new-zealand/christchurch-guide.html","text/html","200","OK","Indexable","","Christchurch Travel Guide – Gardens, Gothic Architecture & Itinerary","68","602","Complete Christchurch travel guide covering botanic gardens, architecture, punting and a 2-day itinerary.","105","647","Christchurch travel guide, things to do in Christchurch, Christchurch itinerary, Christchurch tourist attractions","113","Christchurch Travel Guide: Gardens, Architecture & Best Itinerary","65","Overview","8","Top Attractions","15","","","","https://thefalcontour.com/blogs/new-zealand/christchurch-guide.html","","","","","","23451","7337","7337","1.087","","388","69","5.623","78.370","Fairly Easy","13.231","2","2","","11","9","0","4.050","39","23","0","7","3","0","","","","","58d3543ae3fb76ded17603ebb58a7cc7","0.036","Thu, 30 Jul 2026 18:04:34 GMT","","","","en","1.1","","","","","","https://thefalcontour.com/blogs/new-zealand/christchurch-guide.html","2026-07-31 12:05:31"
"https://thefalcontour.com/assets/images/japan/japan-trip-cost.jpg","image/jpeg","200","OK","Indexable","","","0","0","","0","0","","0","","0","","0","","0","","","","","","","","","","45472","45472","45472","6.739","","0","","","","","0.000","2","3","","0","0","0","0.000","0","0","0","0","0","0","","","","","","0.028","Thu, 30 Jul 2026 18:03:50 GMT","","","","","1.1","","","","","","https://thefalcontour.com/assets/images/japan/japan-trip-cost.jpg","2026-07-31 12:05:31"
"https://thefalcontour.com/blogs/usa/usa-packing-guide.html","text/html","200","OK","Indexable","","USA Packing List 2026 | What to Pack for Every Region","53","481","A practical USA packing list covering city breaks, national parks, beach destinations, and seasonal essentials by region.","121","737","USA packing list, what to pack for USA trip, USA travel essentials","66","USA Packing Guide","17","Pack for the Region, Not Just the Season","40","City Break Essentials","21","","","","https://thefalcontour.com/blogs/usa/usa-packing-guide.html","","","","","","24516","7825","7825","1.160","","553","86","6.430","70.425","Fairly Easy","16.522","2","2","","13","10","0","4.500","39","24","0","7","3","0","","","","","c3fdf75229ea1ef7bfa8309608a6ed25","0.090","Thu, 30 Jul 2026 18:04:34 GMT","","","","en","1.1","","","","","","https://thefalcontour.com/blogs/usa/usa-packing-guide.html","2026-07-31 12:05:31"
"https://thefalcontour.com/blogs/australia/australia-faqs.html","text/html","200","OK","Indexable","","Australia Travel FAQs 2026 | Tips, Costs & Itinerary","52","447","","0","0","","0","Australia Travel FAQs","21","Common Questions About Visiting Australia","41","Do I Need a Visa","16","","","","https://thefalcontour.com/blogs/australia/australia-faqs.html","","","","","","22584","6985","6985","1.035","","290","61","4.754","64.608","Normal","11.236","2","2","","10","9","0","4.050","38","23","0","7","3","0","","","","","360a54650e52bf3d5d43e4a593ca2e0f","0.092","Thu, 30 Jul 2026 18:04:37 GMT","","","","en","1.1","","","","","","https://thefalcontour.com/blogs/australia/australia-faqs.html","2026-07-31 12:05:31"
"https://thefalcontour.com/blogs/europe/europe-visa-guide.html","text/html","200","OK","Indexable","","Europe Visa Guide 2025 – Schengen Visa Requirements & Process | The Falcon Tour","79","747","Step-by-step Europe visa guide covering Schengen visa documents, fees, processing time and application tips for Indian travelers.","129","803","","0","Europe Visa Guide: Schengen Visa Process Made Simple","52","What Is a Schengen Visa","23","Documents Required","18","","","","https://thefalcontour.com/blogs/europe/europe-visa-guide.html","","","","","","23570","7468","7468","1.107","","401","71","5.648","71.565","Fairly Easy","13.389","2","2","","29","20","0","9.010","40","24","0","7","3","0","","","","","6ba1937a851abd51357588634149b910","0.100","Thu, 30 Jul 2026 18:04:37 GMT","","","","en","1.1","","","","","","https://thefalcontour.com/blogs/europe/europe-visa-guide.html","2026-07-31 12:05:31"
"https://thefalcontour.com/blogs/europe/europe-travel-guide.html","text/html","200","OK","Indexable","","Europe Travel Guide 2025 – Plan Your Perfect Trip | The Falcon Tour","67","603","Complete Europe travel guide covering visas, budget, itineraries, best time to visit and top destinations for first-time travelers.","131","773","","0","Europe Travel Guide: Everything You Need to Plan Your Trip","58","Why Europe Should Be Your Next Trip","35","How to Plan Your Europe Itinerary","33","","","","https://thefalcontour.com/blogs/europe/europe-travel-guide.html","","","","","","23920","7640","7640","1.132","","405","75","5.400","72.261","Fairly Easy","13.446","2","2","","56","32","0","14.410","41","24","0","7","3","0","","","","","d9173d6eff3fc9e83f1c7f0b2353949b","0.111","Thu, 30 Jul 2026 18:04:37 GMT","","","","en","1.1","","","","","","https://thefalcontour.com/blogs/europe/europe-travel-guide.html","2026-07-31 12:05:31"
"https://thefalcontour.com/assets/images/usa/usa-shopping-guide.jpg","image/jpeg","200","OK","Indexable","","","0","0","","0","0","","0","","0","","0","","0","","","","","","","","","","51737","51737","51737","7.667","","0","","","","","0.000","2","3","","0","0","0","0.000","0","0","0","0","0","0","","","","","","0.033","Thu, 30 Jul 2026 18:03:20 GMT","","","","","1.1","","","","","","https://thefalcontour.com/assets/images/usa/usa-shopping-guide.jpg","2026-07-31 12:05:32"
"https://thefalcontour.com/assets/images/usa/national-parks-guide.jpg","image/jpeg","200","OK","Indexable","","","0","0","","0","0","","0","","0","","0","","0","","","","","","","","","","59471","59471","59471","8.814","","0","","","","","0.000","2","3","","0","0","0","0.000","0","0","0","0","0","0","","","","","","0.033","Thu, 30 Jul 2026 18:03:19 GMT","","","","","1.1","","","","","","https://thefalcontour.com/assets/images/usa/national-parks-guide.jpg","2026-07-31 12:05:32"
"https://thefalcontour.com/blogs/japan/best-time-to-visit-japan.html","text/html","200","OK","Indexable","","Best Time to Visit Japan 2026 | Tips, Costs & Itinerary","55","471","","0","0","","0","Best Time to Visit Japan","24","Japan's Four Distinct Seasons","29","Spring (March-May)","18","","","","https://thefalcontour.com/blogs/japan/best-time-to-visit-japan.html","","","","","","22891","7147","7147","1.059","","340","69","4.928","68.713","Normal","12.412","2","2","","15","12","0","5.410","38","23","0","7","3","0","","","","","d46b81c3d91a9f718b7056cbf9d43461","0.025","Thu, 30 Jul 2026 18:04:35 GMT","","","","en","1.1","","","","","","https://thefalcontour.com/blogs/japan/best-time-to-visit-japan.html","2026-07-31 12:05:32"
"https://thefalcontour.com/assets/images/japan/japan-travel-guide.jpg","image/jpeg","200","OK","Indexable","","","0","0","","0","0","","0","","0","","0","","0","","","","","","","","","","44503","44503","44503","6.595","","0","","","","","0.000","2","3","","0","0","0","0.000","0","0","0","0","0","0","","","","","","0.105","Thu, 30 Jul 2026 18:03:49 GMT","","","","","1.1","","","","","","https://thefalcontour.com/assets/images/japan/japan-travel-guide.jpg","2026-07-31 12:05:32"
"https://thefalcontour.com/blogs/new-zealand/best-time-to-visit-nz.html","text/html","200","OK","Indexable","","Best Time to Visit New Zealand – Season-Wise Travel Guide","57","529","Find out the best time to visit New Zealand by season, including weather, crowd levels and prices for summer, autumn, winter and spring trips.","142","879","best time to visit New Zealand, New Zealand weather guide, New Zealand travel season, when to visit New Zealand","111","Best Time to Visit New Zealand: A Season-by-Season Guide","56","Overview","8","Summer (December–February)","26","","","","https://thefalcontour.com/blogs/new-zealand/best-time-to-visit-nz.html","","","","","","23568","7369","7369","1.092","","405","72","5.625","79.761","Fairly Easy","13.536","2","2","","11","9","0","4.050","39","23","0","7","3","0","","","","","279fe6132ddcd7804cdadaafb0590c24","0.032","Thu, 30 Jul 2026 18:04:34 GMT","","","","en","1.1","","","","","","https://thefalcontour.com/blogs/new-zealand/best-time-to-visit-nz.html","2026-07-31 12:05:32"
"https://thefalcontour.com/blogs/japan/nara-guide.html","text/html","200","OK","Indexable","","Nara Guide 2026 | Tips, Costs & Itinerary","41","354","","0","0","","0","Nara Guide","10","Why Visit Nara","14","Top Things to Do","16","","","","https://thefalcontour.com/blogs/japan/nara-guide.html","","","","","","22501","7005","7005","1.038","","321","61","5.262","81.314","Easy","11.413","2","2","","11","10","0","4.500","38","23","0","7","3","0","","","","","6914d1ced3a553de8f6a3caa8700210e","0.037","Thu, 30 Jul 2026 18:04:36 GMT","","","","en","1.1","","","","","","https://thefalcontour.com/blogs/japan/nara-guide.html","2026-07-31 12:05:32"
"https://thefalcontour.com/assets/images/japan/japanese-food-guide.jpg","image/jpeg","200","OK","Indexable","","","0","0","","0","0","","0","","0","","0","","0","","","","","","","","","","97744","97744","97744","14.486","","0","","","","","0.000","2","3","","0","0","0","0.000","0","0","0","0","0","0","","","","","","0.036","Thu, 30 Jul 2026 18:03:50 GMT","","","","","1.1","","","","","","https://thefalcontour.com/assets/images/japan/japanese-food-guide.jpg","2026-07-31 12:05:32"
"https://thefalcontour.com/assets/images/austria/vienna-guide.jpg","image/jpeg","200","OK","Indexable","","","0","0","","0","0","","0","","0","","0","","0","","","","","","","","","","55264","55264","55264","8.190","","0","","","","","0.000","2","3","","0","0","0","0.000","0","0","0","0","0","0","","","","","","0.042","Thu, 30 Jul 2026 18:04:10 GMT","","","","","1.1","","","","","","https://thefalcontour.com/assets/images/austria/vienna-guide.jpg","2026-07-31 12:05:32"
"https://thefalcontour.com/blogs/australia/australia-family-guide.html","text/html","200","OK","Indexable","","Australia Family Travel Guide 2026 | Tips, Costs & Itinerary","60","513","","0","0","","0","Australia Family Travel Guide","29","Why Australia Works for Families","32","Best Family Destinations","24","","","","https://thefalcontour.com/blogs/australia/australia-family-guide.html","","","","","","22964","7131","7131","1.057","","340","63","5.397","69.730","Normal","12.457","2","2","","10","9","0","4.050","38","23","0","7","3","0","","","","","d956c48eef8646d18ec832582f7ef693","0.133","Thu, 30 Jul 2026 18:04:37 GMT","","","","en","1.1","","","","","","https://thefalcontour.com/blogs/australia/australia-family-guide.html","2026-07-31 12:05:32"
"https://thefalcontour.com/blogs/new-zealand/milford-sound-guide.html","text/html","200","OK","Indexable","","Milford Sound Travel Guide – Cruises, Views & Best Time to Visit","64","569","Complete Milford Sound travel guide covering scenic cruises, waterfalls, wildlife and the best time to visit this iconic fjord.","127","751","Milford Sound travel guide, things to do in Milford Sound, Milford Sound cruise, Milford Sound itinerary","104","Milford Sound Travel Guide: Cruises, Views & Best Time to Visit","63","Overview","8","Top Experiences","15","","","","https://thefalcontour.com/blogs/new-zealand/milford-sound-guide.html","","","","","","23370","7302","7302","1.082","","393","67","5.866","86.574","Easy","12.914","2","2","","11","9","0","4.050","39","23","0","7","3","0","","","","","eb352e0c776aff7575c8b54398181ad8","0.128","Thu, 30 Jul 2026 18:04:34 GMT","","","","en","1.1","","","","","","https://thefalcontour.com/blogs/new-zealand/milford-sound-guide.html","2026-07-31 12:05:32"
"https://thefalcontour.com/blogs/australia/australia-food-guide.html","text/html","200","OK","Indexable","","Australia Food Guide 2026 | Tips, Costs & Itinerary","51","441","","0","0","","0","Australia Food Guide","20","Australia's Food Scene","22","Must-Try Dishes","15","","","","https://thefalcontour.com/blogs/australia/australia-food-guide.html","","","","","","22871","7157","7157","1.061","","334","66","5.061","70.999","Fairly Easy","12.185","2","2","","9","9","0","4.050","38","23","0","7","3","0","","","","","261c331292aa9c5b22aa349f947c44b9","0.130","Thu, 30 Jul 2026 18:04:37 GMT","","","","en","1.1","","","","","","https://thefalcontour.com/blogs/australia/australia-food-guide.html","2026-07-31 12:05:32"
"https://thefalcontour.com/assets/images/australia/australia-faqs.jpg","image/jpeg","200","OK","Indexable","","","0","0","","0","0","","0","","0","","0","","0","","","","","","","","","","27733","27733","27733","4.110","","0","","","","","0.000","2","3","","0","0","0","0.000","0","0","0","0","0","0","","","","","","0.095","Thu, 30 Jul 2026 18:04:11 GMT","","","","","1.1","","","","","","https://thefalcontour.com/assets/images/australia/australia-faqs.jpg","2026-07-31 12:05:32"
"https://thefalcontour.com/assets/images/australia/australia-travel-guide.jpg","image/jpeg","200","OK","Indexable","","","0","0","","0","0","","0","","0","","0","","0","","","","","","","","","","23077","23077","23077","3.420","","0","","","","","0.000","2","3","","0","0","0","0.000","0","0","0","0","0","0","","","","","","0.078","Thu, 30 Jul 2026 18:04:11 GMT","","","","","1.1","","","","","","https://thefalcontour.com/assets/images/australia/australia-travel-guide.jpg","2026-07-31 12:05:32"
"https://thefalcontour.com/blogs/europe/europe-itinerary.html","text/html","200","OK","Indexable","","Best Europe Itinerary – 10 to 15 Day Trip Plans | The Falcon Tour","65","569","Ready-made Europe itinerary options for 10, 12 and 15 day trips covering top cities, travel routes and daily plans.","115","693","","0","Best Europe Itinerary: 10, 12 & 15-Day Trip Plans","49","10-Day Classic Europe Itinerary","31","12-Day Alps & Lakes Itinerary","29","","","","https://thefalcontour.com/blogs/europe/europe-itinerary.html","","","","","","23438","7392","7392","1.095","","373","68","5.485","72.666","Fairly Easy","12.943","2","2","","38","28","0","12.610","40","24","0","7","3","0","","","","","8bf4c105030aa1b477a098d0dc386298","0.086","Thu, 30 Jul 2026 18:04:37 GMT","","","","en","1.1","","","","","","https://thefalcontour.com/blogs/europe/europe-itinerary.html","2026-07-31 12:05:32"
"https://thefalcontour.com/blogs/usa/usa-trip-cost.html","text/html","200","OK","Indexable","","How Much Does a USA Trip Cost in 2026?","38","369","A breakdown of USA trip costs — flights, hotels, food, transport and activities — to help you budget for your American vacation.","128","782","USA trip cost, how much does USA trip cost, USA travel budget, cost of travelling USA","85","USA Trip Cost","13","Flights","7","Accommodation","13","","","","https://thefalcontour.com/blogs/usa/usa-trip-cost.html","","","","","","24572","7913","7913","1.173","","574","88","6.523","69.482","Normal","17.027","2","2","","18","15","0","6.760","39","24","0","7","3","0","","","","","2303bd9707357bbd607d3ce49ffca39","0.179","Thu, 30 Jul 2026 18:04:34 GMT","","","","en","1.1","","","","","","https://thefalcontour.com/blogs/usa/usa-trip-cost.html","2026-07-31 12:05:32"
"https://thefalcontour.com/blogs/australia/australia-honeymoon-guide.html","text/html","200","OK","Indexable","","Australia Honeymoon Guide 2026 | Tips, Costs & Itinerary","56","503","","0","0","","0","Australia Honeymoon Guide","25","Why Australia for a Honeymoon","29","Romantic Destinations","21","","","","https://thefalcontour.com/blogs/australia/australia-honeymoon-guide.html","","","","","","22913","7084","7084","1.050","","339","62","5.468","71.266","Fairly Easy","12.239","2","2","","7","7","0","3.150","38","23","0","7","3","0","","","","","b525d1c8c0cdbe3193e40ef54dca010f","0.181","Thu, 30 Jul 2026 18:04:37 GMT","","","","en","1.1","","","","","","https://thefalcontour.com/blogs/australia/australia-honeymoon-guide.html","2026-07-31 12:05:32"
"https://thefalcontour.com/assets/images/austria/hallstatt-guide.jpg","image/jpeg","200","OK","Indexable","","","0","0","","0","0","","0","","0","","0","","0","","","","","","","","","","67773","67773","67773","10.044","","0","","","","","0.000","2","3","","0","0","0","0.000","0","0","0","0","0","0","","","","","","0.053","Thu, 30 Jul 2026 18:04:10 GMT","","","","","1.1","","","","","","https://thefalcontour.com/assets/images/austria/hallstatt-guide.jpg","2026-07-31 12:05:32"
"https://thefalcontour.com/assets/images/usa/usa-visa-guide.jpg","image/jpeg","200","OK","Indexable","","","0","0","","0","0","","0","","0","","0","","0","","","","","","","","","","27154","27154","27154","4.024","","0","","","","","0.000","2","3","","0","0","0","0.000","0","0","0","0","0","0","","","","","","0.050","Thu, 30 Jul 2026 18:03:20 GMT","","","","","1.1","","","","","","https://thefalcontour.com/assets/images/usa/usa-visa-guide.jpg","2026-07-31 12:05:32"
"https://thefalcontour.com/blogs/new-zealand/new-zealand-visa.html","text/html","200","OK","Indexable","","New Zealand Visa Guide 2025 – Requirements & Application Process","64","610","Step-by-step New Zealand visa guide covering visitor visa documents, NZeTA, fees and processing time for Indian travelers.","122","765","New Zealand visa guide, New Zealand visa application, New Zealand visa requirements, New Zealand visa for Indians","113","New Zealand Visa Guide: Visitor Visa Process Made Simple","56","Overview","8","Types of New Zealand Visas","26","","","","https://thefalcontour.com/blogs/new-zealand/new-zealand-visa.html","","","","","","23395","7261","7261","1.076","","378","66","5.727","70.093","Fairly Easy","13.022","2","2","","15","11","0","4.950","39","23","0","7","3","0","","","","","5b0adca6b956e9043d5eb319726343e0","0.038","Thu, 30 Jul 2026 18:04:35 GMT","","","","en","1.1","","","","","","https://thefalcontour.com/blogs/new-zealand/new-zealand-visa.html","2026-07-31 12:05:32"
"https://thefalcontour.com/assets/images/australia/best-time-to-visit-australia.jpg","image/jpeg","200","OK","Indexable","","","0","0","","0","0","","0","","0","","0","","0","","","","","","","","","","47177","47177","47177","6.992","","0","","","","","0.000","2","3","","0","0","0","0.000","0","0","0","0","0","0","","","","","","0.036","Thu, 30 Jul 2026 18:04:12 GMT","","","","","1.1","","","","","","https://thefalcontour.com/assets/images/australia/best-time-to-visit-australia.jpg","2026-07-31 12:05:32"
"https://thefalcontour.com/blogs/japan/japan-visa-guide.html","text/html","200","OK","Indexable","","Japan Visa Guide 2026 | Tips, Costs & Itinerary","47","410","","0","0","","0","Japan Visa Guide","16","Visa Overview","13","How to Apply (If Required)","26","","","","https://thefalcontour.com/blogs/japan/japan-visa-guide.html","","","","","","22495","6939","6939","1.028","","285","59","4.831","60.042","Normal","11.189","2","2","","11","9","0","4.050","38","23","0","7","3","0","","","","","34c9793b07193df4aad4f563369bb17a","0.108","Thu, 30 Jul 2026 18:04:36 GMT","","","","en","1.1","","","","","","https://thefalcontour.com/blogs/japan/japan-visa-guide.html","2026-07-31 12:05:32"
"https://thefalcontour.com/blogs/usa/national-parks-guide.html","text/html","200","OK","Indexable","","USA National Parks Guide 2026 | Best Parks & Planning Tips","58","529","A guide to America's best national parks — Yellowstone, Yosemite, Zion, the Grand Canyon and more — plus tips on permits, passes and timing.","140","887","USA national parks guide, best national parks USA, national park pass, when to visit national parks","99","National Parks Guide","20","America's Most Iconic Parks","27","Passes and Entrance Fees","24","","","","https://thefalcontour.com/blogs/usa/national-parks-guide.html","","","","","","24675","7913","7913","1.173","","567","87","6.517","73.842","Fairly Easy","16.826","2","2","","20","17","0","7.660","39","24","0","7","3","0","","","","","b506df042d3a8a3b46960133ac13fdc8","0.119","Thu, 30 Jul 2026 18:04:33 GMT","","","","en","1.1","","","","","","https://thefalcontour.com/blogs/usa/national-parks-guide.html","2026-07-31 12:05:32"
"https://thefalcontour.com/blogs/australia/sydney-guide.html","text/html","200","OK","Indexable","","Sydney Guide 2026 | Tips, Costs & Itinerary","43","376","","0","0","","0","Sydney Guide","12","Why Visit Sydney","16","Top Things to Do","16","","","","https://thefalcontour.com/blogs/australia/sydney-guide.html","","","","","","23231","7368","7368","1.092","","422","72","5.861","81.604","Easy","13.624","2","2","","13","11","0","4.950","38","24","0","7","3","0","","","","","4da279593e2bc6cc2bfcec5a3373bd3c","0.099","Thu, 30 Jul 2026 18:04:38 GMT","","","","en","1.1","","","","","","https://thefalcontour.com/blogs/australia/sydney-guide.html","2026-07-31 12:05:32"
"https://thefalcontour.com/assets/images/japan/japan-honeymoon-guide.jpg","image/jpeg","200","OK","Indexable","","","0","0","","0","0","","0","","0","","0","","0","","","","","","","","","","48127","48127","48127","7.132","","0","","","","","0.000","2","3","","0","0","0","0.000","0","0","0","0","0","0","","","","","","0.041","Thu, 30 Jul 2026 18:03:49 GMT","","","","","1.1","","","","","","https://thefalcontour.com/assets/images/japan/japan-honeymoon-guide.jpg","2026-07-31 12:05:32"
"https://thefalcontour.com/blogs/usa/disney-world-guide.html","text/html","200","OK","Indexable","","Disney World Guide 2026 | Tickets, Parks & Tips","47","419","Plan your Walt Disney World trip with this guide to the four parks, best ticket strategy, ride reservations, and when to visit Orlando's biggest attraction.","156","925","Disney World guide, Walt Disney World tips, Orlando theme parks, Disney World tickets","85","Disney World Guide","18","Getting to Know the Four Parks","30","Tickets and the Lightning Lane System","37","","","","https://thefalcontour.com/blogs/usa/disney-world-guide.html","","","","","","24834","8029","8029","1.190","","615","95","6.474","76.734","Fairly Easy","17.433","2","2","","13","10","0","4.500","39","24","0","7","3","0","","","","","7506144663b5d16436322aa165da284a","0.037","Thu, 30 Jul 2026 18:04:33 GMT","","","","en","1.1","","","","","","https://thefalcontour.com/blogs/usa/disney-world-guide.html","2026-07-31 12:05:32"
"https://thefalcontour.com/blogs/iceland/iceland-guide.html","text/html","200","OK","Indexable","","Iceland Travel Guide – Waterfalls, Glaciers & Best Itinerary | The Falcon Tour","78","669","Complete Iceland travel guide covering waterfalls, glaciers, the Golden Circle and a 5-day itinerary for first-time visitors.","125","732","","0","Iceland Travel Guide: Waterfalls, Glaciers & Best Itinerary","59","Why Visit Iceland","17","The Golden Circle","17","","","","https://thefalcontour.com/blogs/iceland/iceland-guide.html","","","","","","23540","7344","7344","1.088","","349","67","5.209","78.405","Fairly Easy","12.144","2","2","","7","7","0","3.150","39","23","0","7","3","0","","","","","87f21e40d30d76a250ca2134a291f137","0.030","Thu, 30 Jul 2026 18:04:36 GMT","","","","en","1.1","","","","","","https://thefalcontour.com/blogs/iceland/iceland-guide.html","2026-07-31 12:05:32"
"https://thefalcontour.com/assets/images/japan/japan-visa-guide.jpg","image/jpeg","200","OK","Indexable","","","0","0","","0","0","","0","","0","","0","","0","","","","","","","","","","40869","40869","40869","6.057","","0","","","","","0.000","2","3","","0","0","0","0.000","0","0","0","0","0","0","","","","","","0.027","Thu, 30 Jul 2026 18:03:50 GMT","","","","","1.1","","","","","","https://thefalcontour.com/assets/images/japan/japan-visa-guide.jpg","2026-07-31 12:05:32"
"https://thefalcontour.com/assets/images/australia/great-ocean-road.jpg","image/jpeg","200","OK","Indexable","","","0","0","","0","0","","0","","0","","0","","0","","","","","","","","","","50364","50364","50364","7.464","","0","","","","","0.000","2","3","","0","0","0","0.000","0","0","0","0","0","0","","","","","","0.198","Thu, 30 Jul 2026 18:04:12 GMT","","","","","1.1","","","","","","https://thefalcontour.com/assets/images/australia/great-ocean-road.jpg","2026-07-31 12:05:32"
"https://thefalcontour.com/blogs/usa/new-york-guide.html","text/html","200","OK","Indexable","","New York City Guide 2026 | Boroughs, Tips & Itinerary","53","470","Plan your New York City trip — Manhattan neighborhoods, getting around by subway, best time to visit, and how many days you need.","129","824","New York City guide, NYC travel tips, things to do in New York, NYC itinerary","77","New York Guide","14","Manhattan and Beyond","20","Getting Around","14","","","","https://thefalcontour.com/blogs/usa/new-york-guide.html","","","","","","24522","7970","7970","1.181","","576","91","6.330","78.210","Fairly Easy","16.719","2","2","","15","12","0","5.410","39","24","0","7","3","0","","","","","c46ada608ebbbd94256c1b4da4e606cc","0.029","Thu, 30 Jul 2026 18:04:33 GMT","","","","en","1.1","","","","","","https://thefalcontour.com/blogs/usa/new-york-guide.html","2026-07-31 12:05:32"
"https://thefalcontour.com/blogs/australia/australia-road-trip-guide.html","text/html","200","OK","Indexable","","Australia Road Trip Guide 2026 | Tips, Costs & Itinerary","56","480","","0","0","","0","Australia Road Trip Guide","25","Why Road Trip Australia","23","Top Routes","10","","","","https://thefalcontour.com/blogs/australia/australia-road-trip-guide.html","","","","","","22950","7136","7136","1.058","","364","64","5.688","85.086","Easy","12.413","2","2","","11","9","0","4.050","38","23","0","7","3","0","","","","","ef2943e8e49cb1d29895a859ba115715","0.032","Thu, 30 Jul 2026 18:04:37 GMT","","","","en","1.1","","","","","","https://thefalcontour.com/blogs/australia/australia-road-trip-guide.html","2026-07-31 12:05:32"
"https://thefalcontour.com/blogs/usa/usa-shopping-guide.html","text/html","200","OK","Indexable","","USA Shopping Guide 2026 | Best Cities, Outlets & Tips","53","475","A guide to shopping in the USA — best cities, outlet malls, tax-free tips, and what to know about sales tax before you spend.","125","762","USA shopping guide, USA outlet malls, shopping in America, USA sales tax","72","USA Shopping Guide","18","Best Cities for Shopping","24","Understanding Sales Tax","23","","","","https://thefalcontour.com/blogs/usa/usa-shopping-guide.html","","","","","","24535","7840","7840","1.162","","557","82","6.793","73.876","Fairly Easy","16.520","2","2","","14","11","0","4.950","39","24","0","7","3","0","","","","","c0bd9ff773af8f2038001bb7b0aefa19","0.103","Thu, 30 Jul 2026 18:04:34 GMT","","","","en","1.1","","","","","","https://thefalcontour.com/blogs/usa/usa-shopping-guide.html","2026-07-31 12:05:32"
"https://thefalcontour.com/assets/images/usa/route-66-guide.jpg","image/jpeg","200","OK","Indexable","","","0","0","","0","0","","0","","0","","0","","0","","","","","","","","","","45207","45207","45207","6.700","","0","","","","","0.000","2","3","","0","0","0","0.000","0","0","0","0","0","0","","","","","","0.086","Thu, 30 Jul 2026 18:03:19 GMT","","","","","1.1","","","","","","https://thefalcontour.com/assets/images/usa/route-66-guide.jpg","2026-07-31 12:05:32"
"https://thefalcontour.com/assets/images/usa/usa-faqs.jpg","image/jpeg","200","OK","Indexable","","","0","0","","0","0","","0","","0","","0","","0","","","","","","","","","","73191","73191","73191","10.847","","0","","","","","0.000","2","3","","0","0","0","0.000","0","0","0","0","0","0","","","","","","0.084","Thu, 30 Jul 2026 18:03:20 GMT","","","","","1.1","","","","","","https://thefalcontour.com/assets/images/usa/usa-faqs.jpg","2026-07-31 12:05:32"
"https://thefalcontour.com/assets/images/australia/australia-shopping-guide.jpg","image/jpeg","200","OK","Indexable","","","0","0","","0","0","","0","","0","","0","","0","","","","","","","","","","40220","40220","40220","5.961","","0","","","","","0.000","2","3","","0","0","0","0.000","0","0","0","0","0","0","","","","","","0.033","Thu, 30 Jul 2026 18:04:11 GMT","","","","","1.1","","","","","","https://thefalcontour.com/assets/images/australia/australia-shopping-guide.jpg","2026-07-31 12:05:32"
"https://thefalcontour.com/blogs/usa/usa-visa-guide.html","text/html","200","OK","Indexable","","USA Visa Guide 2026 | ESTA, Visitor Visas & Requirements","56","513","Understand USA entry requirements — the Visa Waiver Program (ESTA), visitor visas, and how to apply before your trip to America.","128","803","USA visa guide, ESTA application, USA visitor visa, USA entry requirements","74","USA Visa Guide","14","The Visa Waiver Program (ESTA)","30","Standard Visitor Visas (B1/B2)","30","","","","https://thefalcontour.com/blogs/usa/usa-visa-guide.html","","","","","","24703","7863","7863","1.165","","579","91","6.363","65.075","Normal","17.269","2","2","","14","11","0","4.950","39","24","0","7","3","0","","","","","1d56c0e57eac611599aac70d0fcf1dc4","0.028","Thu, 30 Jul 2026 18:04:34 GMT","","","","en","1.1","","","","","","https://thefalcontour.com/blogs/usa/usa-visa-guide.html","2026-07-31 12:05:32"
"https://thefalcontour.com/blogs/australia/melbourne-guide.html","text/html","200","OK","Indexable","","Melbourne Guide 2026 | Tips, Costs & Itinerary","46","407","","0","0","","0","Melbourne Guide","15","Why Visit Melbourne","19","Top Things to Do","16","","","","https://thefalcontour.com/blogs/australia/melbourne-guide.html","","","","","","23020","7237","7237","1.073","","383","67","5.716","82.195","Easy","12.849","2","2","","15","11","0","4.950","38","23","0","7","3","0","","","","","b0b912d7b19d5ba3d9d4630bf4c28e81","0.101","Thu, 30 Jul 2026 18:04:38 GMT","","","","en","1.1","","","","","","https://thefalcontour.com/blogs/australia/melbourne-guide.html","2026-07-31 12:05:32"
"https://thefalcontour.com/blogs/japan/japan-travel-tips.html","text/html","200","OK","Indexable","","Japan Travel Tips 2026 | Tips, Costs & Itinerary","48","413","","0","0","","0","Japan Travel Tips","17","Essential Tips Before You Go","28","Cash Culture","12","","","","https://thefalcontour.com/blogs/japan/japan-travel-tips.html","","","","","","22415","6963","6963","1.032","","282","61","4.623","70.143","Fairly Easy","10.859","2","2","","10","9","0","4.050","38","23","0","7","3","0","","","","","58fa1558db99b4f5c3cc3902bfaef78b","0.100","Thu, 30 Jul 2026 18:04:35 GMT","","","","en","1.1","","","","","","https://thefalcontour.com/blogs/japan/japan-travel-tips.html","2026-07-31 12:05:32"
"https://thefalcontour.com/assets/images/europe/europe-honeymoon-guide.jpg","image/jpeg","200","OK","Indexable","","","0","0","","0","0","","0","","0","","0","","0","","","","","","","","","","10131","10131","10131","1.501","","0","","","","","0.000","2","3","","0","0","0","0.000","0","0","0","0","0","0","","","","","","0.158","Thu, 30 Jul 2026 18:03:51 GMT","","","","","1.1","","","","","","https://thefalcontour.com/assets/images/europe/europe-honeymoon-guide.jpg","2026-07-31 12:05:32"
"https://thefalcontour.com/assets/images/azerbaijan/2.jpg","image/jpeg","200","OK","Indexable","","","0","0","","0","0","","0","","0","","0","","0","","","","","","","","","","446503","446503","446503","66.172","","0","","","","","0.000","2","3","","0","0","0","0.000","0","0","0","0","0","0","","","","","","0.035","Thu, 30 Jul 2026 18:04:10 GMT","","","","","1.1","","","","","","https://thefalcontour.com/assets/images/azerbaijan/2.jpg","2026-07-31 12:05:32"
"https://thefalcontour.com/assets/images/azerbaijan/3.jpg","image/jpeg","200","OK","Indexable","","","0","0","","0","0","","0","","0","","0","","0","","","","","","","","","","237026","237026","237026","35.127","","0","","","","","0.000","2","3","","0","0","0","0.000","0","0","0","0","0","0","","","","","","0.042","Thu, 30 Jul 2026 18:04:10 GMT","","","","","1.1","","","","","","https://thefalcontour.com/assets/images/azerbaijan/3.jpg","2026-07-31 12:05:32"
"https://thefalcontour.com/blogs/europe/europe-travel-tips.html","text/html","200","OK","Indexable","","Europe Travel Tips – 15 Things to Know Before You Go | The Falcon Tour","70","644","Essential Europe travel tips covering visas, currency, transport, safety and etiquette to help first-time travelers avoid common mistakes.","138","834","","0","Europe Travel Tips: 15 Things to Know Before You Go","51","Before You Fly","14","Money & Currency","16","","","","https://thefalcontour.com/blogs/europe/europe-travel-tips.html","","","","","","23377","7394","7394","1.096","","371","68","5.456","70.635","Fairly Easy","12.652","2","2","","7","7","0","3.150","40","24","0","7","3","0","","","","","5ea2248716910e1c4c30f10f37ca16fb","0.200","Thu, 30 Jul 2026 18:04:37 GMT","","","","en","1.1","","","","","","https://thefalcontour.com/blogs/europe/europe-travel-tips.html","2026-07-31 12:05:32"
"https://thefalcontour.com/why-us/","text/html","200","OK","Indexable","","Why Book With Us | The Falcon Tour","34","320","Six reasons thousands of travellers trust The Falcon Tour to plan their perfect holiday — personalised, transparent and always dependable.","138","856","why book with falcon tour, trusted travel agency, personalised holidays","71","Planned like our own trip, every single time.","45","More than a booking, a promise.","31","Let's start planning your perfect trip.","39","index, follow, max-image-preview:large, max-snippet:-1","","","https://thefalcontour.com/why-us/","","","","","","12500","4383","4383","0.650","","233","44","5.295","71.474","Fairly Easy","13.036","2","1","","0","0","0","0.000","18","6","0","1","1","0","","","","","34ba8a121f61a174ccf72097617ad96f","0.045","Thu, 30 Jul 2026 18:06:32 GMT","","","","en","1.1","","","","","","https://thefalcontour.com/why-us/","2026-07-31 12:05:33"
"https://thefalcontour.com/assets/images/dubai/3.jpg","image/jpeg","200","OK","Indexable","","","0","0","","0","0","","0","","0","","0","","0","","","","","","","","","","335835","335835","335835","49.771","","0","","","","","0.000","2","3","","0","0","0","0.000","0","0","0","0","0","0","","","","","","0.026","Thu, 30 Jul 2026 18:03:54 GMT","","","","","1.1","","","","","","https://thefalcontour.com/assets/images/dubai/3.jpg","2026-07-31 12:05:33"
"https://thefalcontour.com/assets/images/dubai/4.jpg","image/jpeg","200","OK","Indexable","","","0","0","","0","0","","0","","0","","0","","0","","","","","","","","","","496610","496610","496610","73.598","","0","","","","","0.000","2","3","","0","0","0","0.000","0","0","0","0","0","0","","","","","","0.085","Thu, 30 Jul 2026 18:03:54 GMT","","","","","1.1","","","","","","https://thefalcontour.com/assets/images/dubai/4.jpg","2026-07-31 12:05:33"
"https://thefalcontour.com/index.html?openStory=1","text/html","200","OK","Non-Indexable","Canonicalised","The Falcon Tour - Adventure Travel, Curated From the Himalayas","62","571","The Falcon Tour designs curated adventure and leisure travel packages across Dubai, Sri Lanka, Europe, Singapore, Azerbaijan and more, hand-planned from the basecamp.","166","1061","adventure travel agency, curated tour packages, holiday planner","63","Where the falcon flies, you follow.","35","Featured Expeditions","20","The Falcon Collection","21","index, follow, max-image-preview:large, max-snippet:-1","","","https://thefalcontour.com/","","","","","","211393","40873","40873","6.057","","4349","1052","4.134","73.551","Fairly Easy","13.170","2","0","","4","2","0","0.900","129","98","0","9","4","0","","","","","69316d1efd9da8b6250ad55425e55298","0.079","Thu, 30 Jul 2026 18:07:14 GMT","","","","en","1.1","","","","","","https://thefalcontour.com/index.html?openStory=1","2026-07-31 12:05:33"
"https://thefalcontour.com/assets/images/azerbaijan/1.jpg","image/jpeg","200","OK","Indexable","","","0","0","","0","0","","0","","0","","0","","0","","","","","","","","","","396135","396135","396135","58.707","","0","","","","","0.000","2","3","","0","0","0","0.000","0","0","0","0","0","0","","","","","","0.109","Thu, 30 Jul 2026 18:04:09 GMT","","","","","1.1","","","","","","https://thefalcontour.com/assets/images/azerbaijan/1.jpg","2026-07-31 12:05:33"
"https://thefalcontour.com/destinations/","text/html","200","OK","Indexable","","All Destinations | The Falcon Tour","34","297","Explore every destination offered by The Falcon Tour, from Dubai and Sri Lanka to Europe, Singapore, Azerbaijan and New Zealand.","128","807","tour destinations list, holiday packages by country, travel destinations","72","Nine countries, zero filler.","28","","0","","0","index, follow, max-image-preview:large, max-snippet:-1","","","https://thefalcontour.com/destinations/","","","","","","13749","3728","3728","0.552","","136","42","3.238","72.294","Fairly Easy","11.475","2","1","","0","0","0","0.000","34","25","0","4","3","0","","","","","bbc5fec70120261d0c34bceb60098b42","0.038","Thu, 30 Jul 2026 18:05:06 GMT","","","","en","1.1","","","","","","https://thefalcontour.com/destinations/","2026-07-31 12:05:33"
"https://thefalcontour.com/assets/images/phu-quoc/1.jpg","image/jpeg","200","OK","Indexable","","","0","0","","0","0","","0","","0","","0","","0","","","","","","","","","","707412","707412","707412","104.838","","0","","","","","0.000","2","3","","0","0","0","0.000","0","0","0","0","0","0","","","","","","0.115","Thu, 30 Jul 2026 18:03:36 GMT","","","","","1.1","","","","","","https://thefalcontour.com/assets/images/phu-quoc/1.jpg","2026-07-31 12:05:33"
"https://thefalcontour.com/assets/js/motion/listing.js","application/x-javascript","200","OK","Indexable","","","0","0","","0","0","","0","","0","","0","","0","","","","","","","","","","2601","2601","2601","0.385","","0","","","","","0.000","2","3","","0","0","0","0.000","0","0","0","0","0","0","","","","","","0.114","Thu, 30 Jul 2026 18:03:04 GMT","","","","","1.1","","","","","","https://thefalcontour.com/assets/js/motion/listing.js","2026-07-31 12:05:33"
"https://thefalcontour.com/assets/images/europe/4.jpg","image/jpeg","200","OK","Indexable","","","0","0","","0","0","","0","","0","","0","","0","","","","","","","","","","1039642","1039642","1039642","154.075","","0","","","","","0.000","2","3","","0","0","0","0.000","0","0","0","0","0","0","","","","","","0.029","Thu, 30 Jul 2026 18:03:52 GMT","","","","","1.1","","","","","","https://thefalcontour.com/assets/images/europe/4.jpg","2026-07-31 12:05:34"
"https://thefalcontour.com/assets/images/malaysia/2.jpg","image/jpeg","200","OK","Indexable","","","0","0","","0","0","","0","","0","","0","","0","","","","","","","","","","525717","525717","525717","77.911","","0","","","","","0.000","2","3","","0","0","0","0.000","0","0","0","0","0","0","","","","","","0.087","Thu, 30 Jul 2026 18:03:39 GMT","","","","","1.1","","","","","","https://thefalcontour.com/assets/images/malaysia/2.jpg","2026-07-31 12:05:34"
"https://thefalcontour.com/assets/images/malaysia/1.jpg","image/jpeg","200","OK","Indexable","","","0","0","","0","0","","0","","0","","0","","0","","","","","","","","","","653777","653777","653777","96.890","","0","","","","","0.000","2","3","","0","0","0","0.000","0","0","0","0","0","0","","","","","","0.092","Thu, 30 Jul 2026 18:03:38 GMT","","","","","1.1","","","","","","https://thefalcontour.com/assets/images/malaysia/1.jpg","2026-07-31 12:05:35"
"https://thefalcontour.com/packages/package-iceland.html","text/html","200","OK","Indexable","","Iceland Signature Journey | Nature's Greatest Masterpiece | The Falcon Tour","75","672","Hand-planned journey: Reykjavik · Golden Circle · Akureyri · Diamond Circle. Duration: 7 Days / 6 Nights.","105","639","travel package, itinerary, tour, flight, europe, iceland, golden circle, diamond circle, whale watching","103","Iceland Signature Journey | Nature's Greatest Masterpiece","57","Day-by-Day Itinerary","20","Gallery of Highlights","21","index, follow","","","https://thefalcontour.com/packages/package-iceland.html","","","","","","28369","7580","7580","1.123","","762","132","5.773","60.087","Normal","20.203","2","1","","6","6","0","2.700","33","19","0","6","4","0","","","","","c1e37f2e314d12205573a127432da84a","0.094","Thu, 30 Jul 2026 18:06:10 GMT","","","","en","1.1","","","","","","https://thefalcontour.com/packages/package-iceland.html","2026-07-31 12:05:35"
"https://thefalcontour.com/packages/package-australia-new-zealand-combo.html","text/html","200","OK","Indexable","","Discover Australia & New Zealand | FREE Hobbiton Movie Set Tour | The Falcon Tour","81","743","Hand-planned journey: Auckland · Rotorua · Queenstown · Christchurch · Sydney · Cairns · Melbourne. Duration: 15 Days / 14 Nights.","130","817","travel package, itinerary, tour, flight, oceania","48","Discover Australia & New Zealand | FREE Hobbiton Movie Set Tour","63","Day-by-Day Itinerary","20","Gallery of Highlights","21","index, follow","","","https://thefalcontour.com/packages/package-australia-new-zealand-combo.html","","","","","","34442","7157","7157","1.061","","887","166","5.343","78.374","Fairly Easy","17.766","2","1","","6","6","0","2.700","33","19","0","6","4","0","","","","","3efac505eddc187539de49d242f7c7c4","0.093","Thu, 30 Jul 2026 18:06:09 GMT","","","","en","1.1","","","","","","https://thefalcontour.com/packages/package-australia-new-zealand-combo.html","2026-07-31 12:05:35"
"https://thefalcontour.com/packages/package-classic-scandinavia.html","text/html","200","OK","Indexable","","Classic Scandinavia | A Journey Through the Nordic World | The Falcon Tour","74","673","Hand-planned journey: Helsinki · Stockholm · Oslo · Geilo · Bergen · Aarhus · Odense · Copenhagen. Duration: 10 Days / 9 Nights.","128","791","travel package, itinerary, tour, flight, europe, scandinavia, classic scandinavia","81","Classic Scandinavia | A Journey Through the Nordic World","56","Day-by-Day Itinerary","20","Gallery of Highlights","21","index, follow","","","https://thefalcontour.com/packages/package-classic-scandinavia.html","","","","","","31950","8289","8289","1.228","","988","181","5.459","69.428","Normal","21.916","2","1","","6","6","0","2.700","33","19","0","6","4","0","","","","","2040a29cbb202f4c84bd7f82d956ce7f","0.142","Thu, 30 Jul 2026 18:06:10 GMT","","","","en","1.1","","","","","","https://thefalcontour.com/packages/package-classic-scandinavia.html","2026-07-31 12:05:35"
"https://thefalcontour.com/packages/package-japan-f1-adventure.html","text/html","200","OK","Indexable","","The Ultimate Japan F1 Adventure | The Falcon Tour","49","455","Hand-planned journey: Osaka · Kyoto · Nara · Nagoya · Hakone · Tokyo. Duration: 9 Days / 8 Nights.","98","610","travel package, itinerary, tour, flight, asia","45","The Ultimate Japan F1 Adventure","31","Day-by-Day Itinerary","20","Gallery of Highlights","21","index, follow","","","https://thefalcontour.com/packages/package-japan-f1-adventure.html","","","","","","30178","6846","6846","1.015","","788","141","5.589","67.069","Normal","18.360","2","1","","6","6","0","2.700","33","19","0","6","4","0","","","","","8f40c47a75d3ea2bce8663e3258f8e4a","0.029","Thu, 30 Jul 2026 18:06:10 GMT","","","","en","1.1","","","","","","https://thefalcontour.com/packages/package-japan-f1-adventure.html","2026-07-31 12:05:35"
"https://thefalcontour.com/packages/package-japan-first-impressions.html","text/html","200","OK","Indexable","","First Impressions of Japan | A Journey Beyond Expectations | The Falcon Tour","76","689","Hand-planned journey: Tokyo · Mount Fuji · Kanazawa · Kyoto · Osaka. Duration: 7 Days / 6 Nights.","97","605","travel package, itinerary, tour, flight, asia","45","First Impressions of Japan | A Journey Beyond Expectations","58","Day-by-Day Itinerary","20","Gallery of Highlights","21","index, follow","","","https://thefalcontour.com/packages/package-japan-first-impressions.html","","","","","","29107","7684","7684","1.139","","877","151","5.808","59.233","Fairly Hard","21.918","2","1","","6","6","0","2.700","33","19","0","6","4","0","","","","","e52448dbbe731475b4e880e9968525de","0.035","Thu, 30 Jul 2026 18:06:11 GMT","","","","en","1.1","","","","","","https://thefalcontour.com/packages/package-japan-first-impressions.html","2026-07-31 12:05:35"
"https://thefalcontour.com/packages/package-discover-singapore-value.html","text/html","200","OK","Indexable","","Discover Singapore | Best Value Escape | The Falcon Tour","56","509","Hand-planned journey: Singapore City Tour · Sentosa Island · Gardens by the Bay. Duration: 4 Days / 3 Nights.","109","676","travel package, itinerary, tour, flight, southeast-asia","55","Discover Singapore | Best Value Escape","38","Day-by-Day Itinerary","20","Gallery of Highlights","21","index, follow","","","https://thefalcontour.com/packages/package-discover-singapore-value.html","","","","","","26456","6670","6670","0.988","","509","98","5.194","75.411","Fairly Easy","14.574","2","1","","6","6","0","2.700","33","19","0","6","4","0","","","","","3e3ec9b13618e93cf365db5c2177b52e","0.087","Thu, 30 Jul 2026 18:06:10 GMT","","","","en","1.1","","","","","","https://thefalcontour.com/packages/package-discover-singapore-value.html","2026-07-31 12:05:35"
"https://thefalcontour.com/packages/package-ultimate-singapore-luxury.html","text/html","200","OK","Indexable","","The Ultimate Singapore | Luxury & Iconic Experiences | The Falcon Tour","70","628","Hand-planned journey: Marina Bay Sands · Sentosa Island · Night Safari · Gardens by the Bay. Duration: 7 Days / 6 Nights.","121","747","travel package, itinerary, tour, flight, southeast-asia","55","The Ultimate Singapore | Luxury & Iconic Experiences","52","Day-by-Day Itinerary","20","Gallery of Highlights","21","index, follow","","","https://thefalcontour.com/packages/package-ultimate-singapore-luxury.html","","","","","","23964","6375","6375","0.945","","363","82","4.427","73.927","Fairly Easy","12.697","2","1","","6","6","0","2.700","33","19","0","6","4","0","","","","","10c11df1e51d31cf8ab6c86f61cfbb22","0.085","Thu, 30 Jul 2026 18:06:12 GMT","","","","en","1.1","","","","","","https://thefalcontour.com/packages/package-ultimate-singapore-luxury.html","2026-07-31 12:05:35"
"https://thefalcontour.com/packages/package-scandinavia-unveiled.html","text/html","200","OK","Indexable","","Scandinavia Unveiled | Fjords, Mountains & Nordic Wonders | The Falcon Tour","75","685","Hand-planned journey: Stockholm · Mora · Trondheim · Molde · Loen · Bergen · Oslo · Copenhagen. Duration: 10 Days / 9 Nights.","125","787","travel package, itinerary, tour, flight, europe, scandinavia, fjords, norway, sweden, denmark","93","Scandinavia Unveiled | Fjords, Mountains & Nordic Wonders","57","Day-by-Day Itinerary","20","Gallery of Highlights","21","index, follow","","","https://thefalcontour.com/packages/package-scandinavia-unveiled.html","","","","","","32364","8420","8420","1.248","","1054","186","5.667","66.959","Normal","23.044","2","1","","6","6","0","2.700","33","19","0","6","4","0","","","","","aca3bf2624fde0bfc2cffeb1281d668","0.146","Thu, 30 Jul 2026 18:06:11 GMT","","","","en","1.1","","","","","","https://thefalcontour.com/packages/package-scandinavia-unveiled.html","2026-07-31 12:05:35"
"https://thefalcontour.com/assets/images/singapore/4.jpg","image/jpeg","200","OK","Indexable","","","0","0","","0","0","","0","","0","","0","","0","","","","","","","","","","392823","392823","392823","58.216","","0","","","","","0.000","2","3","","0","0","0","0.000","0","0","0","0","0","0","","","","","","0.039","Thu, 30 Jul 2026 18:03:35 GMT","","","","","1.1","","","","","","https://thefalcontour.com/assets/images/singapore/4.jpg","2026-07-31 12:05:35"
"https://thefalcontour.com/packages/","text/html","200","OK","Indexable","","Premium Tour Packages | The Falcon Tour","39","377","Explore our hand-planned premium travel packages across Europe, Japan, New Zealand, Australia, and the USA. Eleven curated itineraries by The Falcon Tour.","154","977","tour packages, premium travel, europe tour, japan cherry blossom, new zealand adventure, swiss paris holiday","108","Thirty-two premium journeys, meticulously planned.","50","🇪🇺 Europe & Switzerland","25","❄️ Scandinavia & Iceland","24","index, follow, max-image-preview:large, max-snippet:-1","","","https://thefalcontour.com/packages/","","","","","","103084","14616","14616","2.166","","2575","654","3.937","84.629","Easy","15.267","2","1","","0","0","0","0.000","84","74","0","1","1","0","","","","","b4530940a6cabce240ec0e6db41c05e7","0.090","Thu, 30 Jul 2026 18:06:09 GMT","","","","en","1.1","","","","","","https://thefalcontour.com/packages/","2026-07-31 12:05:35"
"https://thefalcontour.com/packages/package-scandinavia-northern-lights.html","text/html","200","OK","Indexable","","Discover Scandinavia | Chasing the Northern Lights | The Falcon Tour","68","611","Hand-planned journey: Oslo · Stockholm · Helsinki · Tallinn · Rovaniemi. Duration: 9 Days / 8 Nights.","101","613","travel package, itinerary, tour, flight, europe, scandinavia, northern lights","77","Discover Scandinavia | Chasing the Northern Lights","50","Day-by-Day Itinerary","20","Gallery of Highlights","21","index, follow","","","https://thefalcontour.com/packages/package-scandinavia-northern-lights.html","","","","","","30717","8134","8134","1.205","","930","155","6.000","69.479","Normal","21.482","2","1","","6","6","0","2.700","33","19","0","6","4","0","","","","","8dc3aaf8d5eac65003783e8e5bf4a5d5","0.116","Thu, 30 Jul 2026 18:06:11 GMT","","","","en","1.1","","","","","","https://thefalcontour.com/packages/package-scandinavia-northern-lights.html","2026-07-31 12:05:35"
"https://thefalcontour.com/assets/images/singapore/3.jpg","image/jpeg","200","OK","Indexable","","","0","0","","0","0","","0","","0","","0","","0","","","","","","","","","","256839","256839","256839","38.064","","0","","","","","0.000","2","3","","0","0","0","0.000","0","0","0","0","0","0","","","","","","0.029","Thu, 30 Jul 2026 18:03:35 GMT","","","","","1.1","","","","","","https://thefalcontour.com/assets/images/singapore/3.jpg","2026-07-31 12:05:35"
"https://thefalcontour.com/assets/images/australia/australia-road-trip-guide.jpg","image/jpeg","200","OK","Indexable","","","0","0","","0","0","","0","","0","","0","","0","","","","","","","","","","9930","9930","9930","1.472","","0","","","","","0.000","2","3","","0","0","0","0.000","0","0","0","0","0","0","","","","","","0.029","Thu, 30 Jul 2026 18:04:11 GMT","","","","","1.1","","","","","","https://thefalcontour.com/assets/images/australia/australia-road-trip-guide.jpg","2026-07-31 12:05:35"
"https://thefalcontour.com/blogs/japan/anime-places-japan.html","text/html","200","OK","Indexable","","Anime Places in Japan 2026 | Tips, Costs & Itinerary","52","458","","0","0","","0","Anime Places in Japan","21","Anime Culture in Japan","22","Akihabara, Tokyo","16","","","","https://thefalcontour.com/blogs/japan/anime-places-japan.html","","","","","","22614","6985","6985","1.035","","308","58","5.310","68.777","Normal","11.502","2","2","","10","9","0","4.050","38","23","0","7","3","0","","","","","652d072fe94ac6cb4763194f40eed22b","0.124","Thu, 30 Jul 2026 18:04:35 GMT","","","","en","1.1","","","","","","https://thefalcontour.com/blogs/japan/anime-places-japan.html","2026-07-31 12:05:35"
"https://thefalcontour.com/assets/images/czech-republic/prague-guide.jpg","image/jpeg","200","OK","Indexable","","","0","0","","0","0","","0","","0","","0","","0","","","","","","","","","","41285","41285","41285","6.118","","0","","","","","0.000","2","3","","0","0","0","0.000","0","0","0","0","0","0","","","","","","0.026","Thu, 30 Jul 2026 18:03:54 GMT","","","","","1.1","","","","","","https://thefalcontour.com/assets/images/czech-republic/prague-guide.jpg","2026-07-31 12:05:35"
"https://thefalcontour.com/assets/images/japan/disneyland-japan.jpg","image/jpeg","200","OK","Indexable","","","0","0","","0","0","","0","","0","","0","","0","","","","","","","","","","61643","61643","61643","9.135","","0","","","","","0.000","2","3","","0","0","0","0.000","0","0","0","0","0","0","","","","","","0.089","Thu, 30 Jul 2026 18:03:47 GMT","","","","","1.1","","","","","","https://thefalcontour.com/assets/images/japan/disneyland-japan.jpg","2026-07-31 12:05:35"
"https://thefalcontour.com/blogs/","text/html","200","OK","Indexable","","Travel Blog | Europe, Japan, Australia, USA | The Falcon Tour","61","533","100+ in-depth travel guides — from visa tips and itineraries to city guides for Amsterdam, Paris, Rome, Barcelona, Prague and more.","131","809","Europe travel blog, Europe travel guides, Europe itinerary, Europe visa, European cities","88","Notes from the road, not the brochure.","38","🇯🇵 Japan 20 guides","20","🇦🇺 Australia 20 guides","24","index, follow, max-image-preview:large, max-snippet:-1","","","https://thefalcontour.com/blogs/","","","","","","108425","17748","17748","2.630","","3491","592","5.897","71.975","Fairly Easy","20.616","2","1","","0","0","0","0.000","137","127","0","7","3","0","","","","","d0d0d7ed243ff84cf8adee19f3338a3f","0.092","Thu, 30 Jul 2026 18:04:33 GMT","","","","en","1.1","","","","","","https://thefalcontour.com/blogs/","2026-07-31 12:05:35"
"https://thefalcontour.com/assets/images/usa/yellowstone-guide.jpg","image/jpeg","200","OK","Indexable","","","0","0","","0","0","","0","","0","","0","","0","","","","","","","","","","36335","36335","36335","5.385","","0","","","","","0.000","2","3","","0","0","0","0.000","0","0","0","0","0","0","","","","","","0.101","Thu, 30 Jul 2026 18:03:20 GMT","","","","","1.1","","","","","","https://thefalcontour.com/assets/images/usa/yellowstone-guide.jpg","2026-07-31 12:05:35"
"https://thefalcontour.com/assets/images/usa/usa-travel-guide.jpg","image/jpeg","200","OK","Indexable","","","0","0","","0","0","","0","","0","","0","","0","","","","","","","","","","35356","35356","35356","5.240","","0","","","","","0.000","2","3","","0","0","0","0.000","0","0","0","0","0","0","","","","","","0.090","Thu, 30 Jul 2026 18:03:20 GMT","","","","","1.1","","","","","","https://thefalcontour.com/assets/images/usa/usa-travel-guide.jpg","2026-07-31 12:05:35"
"https://thefalcontour.com/blogs/new-zealand/auckland-guide.html","text/html","200","OK","Indexable","","Auckland Travel Guide – Top Attractions & Best Itinerary","56","498","Complete Auckland travel guide covering the Sky Tower, harbour, islands and a 2-day itinerary for first-time visitors.","118","711","Auckland travel guide, things to do in Auckland, Auckland itinerary, Auckland tourist attractions","97","Auckland Travel Guide: Top Attractions & Best Itinerary","55","Overview","8","Top Attractions","15","","","","https://thefalcontour.com/blogs/new-zealand/auckland-guide.html","","","","","","23411","7353","7353","1.090","","401","73","5.493","80.372","Easy","13.195","2","2","","21","14","0","6.310","39","23","0","7","3","0","","","","","4c41e943e3ba7bd037c6bd05d605eeeb","0.105","Thu, 30 Jul 2026 18:04:34 GMT","","","","en","1.1","","","","","","https://thefalcontour.com/blogs/new-zealand/auckland-guide.html","2026-07-31 12:05:35"
"https://thefalcontour.com/blogs/europe/europe-trip-cost.html","text/html","200","OK","Indexable","","Europe Trip Cost 2025 – Budget Breakdown for Indian Travelers | The Falcon Tour","79","723","Detailed Europe trip cost breakdown including flights, visa, hotels, food and local transport for a 10-day Europe holiday from India.","133","801","","0","Europe Trip Cost: Complete Budget Breakdown","43","Flight Costs","12","Visa & Insurance","16","","","","https://thefalcontour.com/blogs/europe/europe-trip-cost.html","","","","","","23408","7405","7405","1.097","","362","69","5.246","73.675","Fairly Easy","12.721","2","2","","29","20","0","9.010","40","24","0","7","3","0","","","","","2727c70ff1a7a1d614d35bd056130fdf","0.024","Thu, 30 Jul 2026 18:04:37 GMT","","","","en","1.1","","","","","","https://thefalcontour.com/blogs/europe/europe-trip-cost.html","2026-07-31 12:05:35"
"https://thefalcontour.com/blogs/new-zealand/road-trip-guide.html","text/html","200","OK","Indexable","","New Zealand Road Trip Guide – Best Routes & Tips","48","451","Complete guide to planning a New Zealand road trip, including best routes, campervan tips and driving essentials.","113","703","New Zealand road trip guide, New Zealand road trip itinerary, campervan New Zealand, driving in New Zealand","107","New Zealand Road Trip Guide: Best Routes & Driving Tips","55","Overview","8","Best Road Trip Routes","21","","","","https://thefalcontour.com/blogs/new-zealand/road-trip-guide.html","","","","","","23392","7249","7249","1.074","","388","65","5.969","74.312","Fairly Easy","13.099","2","2","","19","13","0","5.860","39","23","0","7","3","0","","","","","646859ee038e81e15091bf74b930f3ba","0.028","Thu, 30 Jul 2026 18:04:35 GMT","","","","en","1.1","","","","","","https://thefalcontour.com/blogs/new-zealand/road-trip-guide.html","2026-07-31 12:05:35"
"https://thefalcontour.com/blogs/europe/europe-honeymoon-guide.html","text/html","200","OK","Indexable","","Europe Honeymoon Guide – Best Romantic Destinations 2025 | The Falcon Tour","74","708","Discover the best Europe honeymoon destinations, packages and romantic experiences for couples, from Santorini sunsets to Swiss Alps escapes.","141","910","","0","Europe Honeymoon Guide: Most Romantic Destinations for Couples","62","Top Romantic Destinations","25","Best Honeymoon Experiences","26","","","","https://thefalcontour.com/blogs/europe/europe-honeymoon-guide.html","","","","","","23538","7383","7383","1.094","","375","70","5.357","66.263","Normal","13.159","2","2","","11","9","0","4.050","40","24","0","7","3","0","","","","","f17fabd8eaaf0ccc6a44b2c7e6520f81","0.092","Thu, 30 Jul 2026 18:04:36 GMT","","","","en","1.1","","","","","","https://thefalcontour.com/blogs/europe/europe-honeymoon-guide.html","2026-07-31 12:05:35"
"https://thefalcontour.com/assets/images/italy/rome-travel-guide.jpg","image/jpeg","200","OK","Indexable","","","0","0","","0","0","","0","","0","","0","","0","","","","","","","","","","336781","336781","336781","49.911","","0","","","","","0.000","2","3","","0","0","0","0.000","0","0","0","0","0","0","","","","","","0.028","Thu, 30 Jul 2026 18:03:50 GMT","","","","","1.1","","","","","","https://thefalcontour.com/assets/images/italy/rome-travel-guide.jpg","2026-07-31 12:05:35"
"https://thefalcontour.com/assets/images/usa/best-time-to-visit-usa.jpg","image/jpeg","200","OK","Indexable","","","0","0","","0","0","","0","","0","","0","","0","","","","","","","","","","8457","8457","8457","1.253","","0","","","","","0.000","2","3","","0","0","0","0.000","0","0","0","0","0","0","","","","","","0.029","Thu, 30 Jul 2026 18:03:08 GMT","","","","","1.1","","","","","","https://thefalcontour.com/assets/images/usa/best-time-to-visit-usa.jpg","2026-07-31 12:05:35"
"https://thefalcontour.com/blogs/new-zealand/nz-travel-tips.html","text/html","200","OK","Indexable","","New Zealand Travel Tips – 15 Things to Know Before You Go","57","539","Essential New Zealand travel tips covering visas, currency, driving, safety and etiquette for first-time travelers.","115","675","New Zealand travel tips, New Zealand travel hacks, things to know before visiting New Zealand, New Zealand trip tips","116","New Zealand Travel Tips: 15 Things to Know Before You Go","56","Overview","8","Before You Fly","14","","","","https://thefalcontour.com/blogs/new-zealand/nz-travel-tips.html","","","","","","23292","7260","7260","1.076","","369","66","5.591","74.833","Fairly Easy","12.655","2","2","","7","7","0","3.150","39","23","0","7","3","0","","","","","62bea9cc8211addbe92d86d654c7f7dc","0.026","Thu, 30 Jul 2026 18:04:35 GMT","","","","en","1.1","","","","","","https://thefalcontour.com/blogs/new-zealand/nz-travel-tips.html","2026-07-31 12:05:35"
"https://thefalcontour.com/assets/images/europe/europe-backpacking-guide.jpg","image/jpeg","200","OK","Indexable","","","0","0","","0","0","","0","","0","","0","","0","","","","","","","","","","31721","31721","31721","4.701","","0","","","","","0.000","2","3","","0","0","0","0.000","0","0","0","0","0","0","","","","","","0.101","Thu, 30 Jul 2026 18:03:51 GMT","","","","","1.1","","","","","","https://thefalcontour.com/assets/images/europe/europe-backpacking-guide.jpg","2026-07-31 12:05:35"
"https://thefalcontour.com/assets/images/usa/usa-travel-tips.jpg","image/jpeg","200","OK","Indexable","","","0","0","","0","0","","0","","0","","0","","0","","","","","","","","","","36335","36335","36335","5.385","","0","","","","","0.000","2","3","","0","0","0","0.000","0","0","0","0","0","0","","","","","","0.112","Thu, 30 Jul 2026 18:03:20 GMT","","","","","1.1","","","","","","https://thefalcontour.com/assets/images/usa/usa-travel-tips.jpg","2026-07-31 12:05:35"
"https://thefalcontour.com/assets/images/australia/australia-wildlife-guide.jpg","image/jpeg","200","OK","Indexable","","","0","0","","0","0","","0","","0","","0","","0","","","","","","","","","","29700","29700","29700","4.402","","0","","","","","0.000","2","3","","0","0","0","0.000","0","0","0","0","0","0","","","","","","0.031","Thu, 30 Jul 2026 18:04:11 GMT","","","","","1.1","","","","","","https://thefalcontour.com/assets/images/australia/australia-wildlife-guide.jpg","2026-07-31 12:05:36"
"https://thefalcontour.com/blogs/usa/san-francisco-guide.html","text/html","200","OK","Indexable","","San Francisco Guide 2026 | Neighborhoods, Tips & Itinerary","58","523","Plan your San Francisco trip — Golden Gate Bridge, cable cars, neighborhoods, best time to visit and how to get around the city by bay.","135","828","San Francisco guide, SF travel tips, things to do in San Francisco, Golden Gate Bridge","86","San Francisco Guide","19","Getting to Know the City","24","Getting Around","14","","","","https://thefalcontour.com/blogs/usa/san-francisco-guide.html","","","","","","24392","7821","7821","1.159","","550","86","6.395","80.366","Easy","16.065","2","2","","14","11","0","4.950","39","24","0","7","3","0","","","","","32ceac6a4893d411bdc93aef871a2cfb","0.102","Thu, 30 Jul 2026 18:04:34 GMT","","","","en","1.1","","","","","","https://thefalcontour.com/blogs/usa/san-francisco-guide.html","2026-07-31 12:05:36"
"https://thefalcontour.com/blogs/australia/gold-coast-guide.html","text/html","200","OK","Indexable","","Gold Coast Guide 2026 | Tips, Costs & Itinerary","47","409","","0","0","","0","Gold Coast Guide","16","Why Visit the Gold Coast","24","Top Things to Do","16","","","","https://thefalcontour.com/blogs/australia/gold-coast-guide.html","","","","","","22921","7108","7108","1.053","","347","67","5.179","80.895","Easy","12.346","2","2","","11","9","0","4.050","38","23","0","7","3","0","","","","","8ae7d3f0ee27f743596ae863117e3f4b","0.097","Thu, 30 Jul 2026 18:04:38 GMT","","","","en","1.1","","","","","","https://thefalcontour.com/blogs/australia/gold-coast-guide.html","2026-07-31 12:05:36"
"https://thefalcontour.com/blogs/usa/usa-honeymoon-guide.html","text/html","200","OK","Indexable","","USA Honeymoon Guide 2026 | Best Romantic Destinations","53","516","Plan a USA honeymoon with this guide to the most romantic destinations — from Hawaii and Napa Valley to national parks and city breaks.","135","857","USA honeymoon, romantic USA destinations, honeymoon in America, USA honeymoon ideas","83","USA Honeymoon Guide","19","Beach and Island Honeymoons","27","Wine Country and Scenic Escapes","31","","","","https://thefalcontour.com/blogs/usa/usa-honeymoon-guide.html","","","","","","24667","7858","7858","1.165","","563","85","6.624","63.670","Normal","16.907","2","2","","12","9","0","4.050","39","24","0","7","3","0","","","","","e2db868bc73e3a83610e19f202fc880d","0.093","Thu, 30 Jul 2026 18:04:34 GMT","","","","en","1.1","","","","","","https://thefalcontour.com/blogs/usa/usa-honeymoon-guide.html","2026-07-31 12:05:36"
"https://thefalcontour.com/blogs/usa/los-angeles-guide.html","text/html","200","OK","Indexable","","Los Angeles Guide 2026 | Neighborhoods, Tips & Itinerary","56","506","A first-timer's guide to Los Angeles — Hollywood, Santa Monica, Downtown LA, best time to visit, and how to get around the city.","128","792","Los Angeles guide, LA travel tips, things to do in Los Angeles, Los Angeles itinerary","85","Los Angeles Guide","17","Understanding LA's Neighborhoods","32","Getting Around","14","","","","https://thefalcontour.com/blogs/usa/los-angeles-guide.html","","","","","","24385","7879","7879","1.168","","532","87","6.115","72.456","Fairly Easy","16.104","2","2","","16","13","0","5.860","39","24","0","7","3","0","","","","","d55fc2ceb07ee4d431501f1857754587","0.100","Thu, 30 Jul 2026 18:04:33 GMT","","","","en","1.1","","","","","","https://thefalcontour.com/blogs/usa/los-angeles-guide.html","2026-07-31 12:05:36"
